{
  "version": "1.0",
  "backup_id": "17137b43-f7ce-4507-a970-6723628c1111",
  "timestamp": "2026-02-10T07:00:00.004303+00:00",
  "reason": "auto",
  "created_by": "system",
  "notes": "Automated daily backup",
  "include_data": false,
  "files": [
    {
      "path": "scidk_settings.db",
      "description": "Settings database",
      "size": 1343488
    },
    {
      "path": "scidk_path_index.db",
      "description": "Path index database",
      "size": 4096
    },
    {
      "path": ".env",
      "description": "Environment configuration (optional)",
      "size": 354
    }
  ],
  "verification": {
    "verified": true,
    "timestamp": "2026-02-10T07:00:00.067623+00:00",
    "error": null
  }
}