{
  "version": "1.0",
  "backup_id": "3a9edd69-b6b4-4d41-aacb-f8aa1dea2e8a",
  "timestamp": "2026-02-08T17:51:56.227521+00:00",
  "reason": "manual_export",
  "created_by": "system",
  "notes": "Manual export via UI",
  "include_data": false,
  "files": [
    {
      "path": "scidk_settings.db",
      "description": "Settings database",
      "size": 417792
    },
    {
      "path": "scidk_path_index.db",
      "description": "Path index database",
      "size": 4096
    },
    {
      "path": ".env",
      "description": "Environment configuration (optional)",
      "size": 354
    }
  ]
}