week,study_folder,scan,subject,scan_name,protocol,method,tr_ms,te_ms,effective_te_ms,rare_factor,averages,matrix,fov_mm,in_plane_mm,slice_mm,slices,orientation,acq_time_s_computed,scan_end
6,20240122_135942_AIPT_multimodelLung20240122_1_85,1,M13,1013_Localizer (E1),1_Localizer,FLASH,100.0,3.0,,,1.0,256x256,40x40,0.15625,1.0,5 1 1,axial sagittal coronal,25.6,2024-01-22 14:07:55
6,20240122_135942_AIPT_multimodelLung20240122_1_85,3,M13,1013_Localizer (E3),1_Localizer,FLASH,100.0,3.0,,,1.0,256x256,40x40,0.15625,1.0,5 1 1,axial sagittal coronal,25.6,2024-01-22 14:09:56
6,20240122_135942_AIPT_multimodelLung20240122_1_85,4,M13,1013_Localizer (E4),1_Localizer,FLASH,100.0,3.0,,,1.0,256x256,40x40,0.15625,1.0,5 1 1,axial sagittal coronal,25.6,2024-01-22 14:14:53
6,20240122_135942_AIPT_multimodelLung20240122_1_85,5,M13,1013_T2_TurboRARE_Axial (E5),T2_TurboRARE,RARE,4379.1,10.0,,8.0,3.0,256x256,40x40,0.15625,0.5,46,axial,420.4,2024-01-22 14:24:27
6,20240122_135942_AIPT_multimodelLung20240122_1_85,6,M75,1075_Localizer (E6),1_Localizer,FLASH,100.0,3.0,,,1.0,256x256,40x40,0.15625,1.0,5 1 1,axial sagittal coronal,25.6,2024-01-22 14:27:39
6,20240122_135942_AIPT_multimodelLung20240122_1_85,7,M75,1075_T2_TurboRARE_Axial (E7),T2_TurboRARE,RARE,4379.1,10.0,,8.0,3.0,256x256,40x40,0.15625,0.5,46,axial,420.4,2024-01-22 14:49:43
6,20240122_135942_AIPT_multimodelLung20240122_1_85,9,M75,1075_Localizer (E9),1_Localizer,FLASH,100.0,3.0,,,1.0,256x256,40x40,0.15625,1.0,5 1 1,axial sagittal coronal,25.6,2024-01-22 14:31:54
6,20240122_135942_AIPT_multimodelLung20240122_1_85,10,M75,1075_Localizer (E10),1_Localizer,FLASH,100.0,3.0,,,1.0,256x256,40x40,0.15625,1.0,5 1 1,axial sagittal coronal,25.6,2024-01-22 14:40:19
6,20240122_135942_AIPT_multimodelLung20240122_1_85,11,M67,1067_Localizer (E11),1_Localizer,FLASH,100.0,3.0,,,1.0,256x256,40x40,0.15625,1.0,5 1 1,axial sagittal coronal,25.6,2024-01-22 14:52:51
6,20240122_135942_AIPT_multimodelLung20240122_1_85,12,M67,1067_T2_TurboRARE_Axial (E12),T2_TurboRARE,RARE,4379.1,10.0,,8.0,3.0,256x256,40x40,0.15625,0.5,46,axial,420.4,2024-01-22 15:05:35
6,20240122_135942_AIPT_multimodelLung20240122_1_85,13,M67,1067_Localizer (E13),1_Localizer,FLASH,100.0,3.0,,,1.0,256x256,40x40,0.15625,1.0,5 1 1,axial sagittal coronal,25.6,2024-01-22 14:54:53
6,20240122_135942_AIPT_multimodelLung20240122_1_85,16,M68,68_Localizer (E16),1_Localizer,FLASH,100.0,3.0,,,1.0,256x256,40x40,0.15625,1.0,5 1 1,axial sagittal coronal,25.6,2024-01-22 15:14:55
6,20240122_135942_AIPT_multimodelLung20240122_1_85,17,M68,68_T2_TurboRARE_Axial (E17),T2_TurboRARE,RARE,4379.1,10.0,,8.0,3.0,256x256,40x40,0.15625,0.5,46,axial,420.4,2024-01-22 15:26:17
6,20240122_135942_AIPT_multimodelLung20240122_1_85,18,M68,68_Localizer (E18),1_Localizer,FLASH,100.0,3.0,,,1.0,256x256,40x40,0.15625,1.0,5 1 1,axial sagittal coronal,25.6,2024-01-22 15:16:17
6,20240122_135942_AIPT_multimodelLung20240122_1_85,19,M69,69_Localizer (E19),1_Localizer,FLASH,100.0,3.0,,,1.0,256x256,40x40,0.15625,1.0,5 1 1,axial sagittal coronal,25.6,2024-01-22 15:27:57
6,20240122_135942_AIPT_multimodelLung20240122_1_85,20,M69,69_T2_TurboRARE_Axial (E20),T2_TurboRARE,RARE,4379.1,10.0,,8.0,3.0,256x256,40x40,0.15625,0.5,46,axial,420.4,2024-01-22 15:37:18
6,20240122_135942_AIPT_multimodelLung20240122_1_85,21,M10,10_Localizer (E21),1_Localizer,FLASH,100.0,3.0,,,1.0,256x256,40x40,0.15625,1.0,5 1 1,axial sagittal coronal,25.6,2024-01-22 15:39:39
6,20240122_135942_AIPT_multimodelLung20240122_1_85,22,M10,10_T2_TurboRARE_Axial (E22),T2_TurboRARE,RARE,4379.1,10.0,,8.0,3.0,256x256,40x40,0.15625,0.5,46,axial,420.4,2024-01-22 15:49:51
6,20240122_135942_AIPT_multimodelLung20240122_1_85,23,M11,11_Localizer (E23),1_Localizer,FLASH,100.0,3.0,,,1.0,256x256,40x40,0.15625,1.0,5 1 1,axial sagittal coronal,25.6,2024-01-22 15:52:52
6,20240122_135942_AIPT_multimodelLung20240122_1_85,24,M11,11_T2_TurboRARE_Axial (E24),T2_TurboRARE,RARE,4379.1,10.0,,8.0,3.0,256x256,40x40,0.15625,0.5,46,axial,420.4,2024-01-22 16:01:44
6,20240122_135942_AIPT_multimodelLung20240122_1_85,25,M12,12_Localizer (E25),1_Localizer,FLASH,100.0,3.0,,,1.0,256x256,40x40,0.15625,1.0,5 1 1,axial sagittal coronal,25.6,2024-01-22 16:05:13
6,20240122_135942_AIPT_multimodelLung20240122_1_85,27,M12,12_T2_TurboRARE_Axial (E27),T2_TurboRARE,RARE,4379.1,10.0,,8.0,3.0,256x256,40x40,0.15625,0.5,46,axial,420.4,2024-01-22 16:14:32
6,20240122_135942_AIPT_multimodelLung20240122_1_85,28,M14,14_Localizer (E28),1_Localizer,FLASH,100.0,3.0,,,1.0,256x256,40x40,0.15625,1.0,5 1 1,axial sagittal coronal,25.6,2024-01-22 16:17:04
6,20240122_135942_AIPT_multimodelLung20240122_1_85,29,M14,14_T2_TurboRARE_Axial (E29),T2_TurboRARE,RARE,4379.1,10.0,,8.0,3.0,256x256,40x40,0.15625,0.5,46,axial,420.4,2024-01-22 16:28:12
6,20240122_135942_AIPT_multimodelLung20240122_1_85,30,M18,18_Localizer (E30),1_Localizer,FLASH,100.0,3.0,,,1.0,256x256,40x40,0.15625,1.0,5 1 1,axial sagittal coronal,25.6,2024-01-22 16:33:11
6,20240122_135942_AIPT_multimodelLung20240122_1_85,31,M18,18_T2_TurboRARE_Axial (E31),T2_TurboRARE,RARE,4379.1,10.0,,8.0,3.0,256x256,40x40,0.15625,0.5,46,axial,420.4,2024-01-22 16:41:59
6,20240122_135942_AIPT_multimodelLung20240122_1_85,32,M15,15_Localizer (E32),1_Localizer,FLASH,100.0,3.0,,,1.0,256x256,40x40,0.15625,1.0,5 1 1,axial sagittal coronal,25.6,2024-01-22 16:45:37
6,20240122_135942_AIPT_multimodelLung20240122_1_85,33,M15,15_T2_TurboRARE_Axial (E33),T2_TurboRARE,RARE,4379.1,10.0,,8.0,3.0,256x256,40x40,0.15625,0.5,46,axial,420.4,2024-01-22 16:54:34
6,20240122_135942_AIPT_multimodelLung20240122_1_85,34,M19,19_Localizer (E34),1_Localizer,FLASH,100.0,3.0,,,1.0,256x256,40x40,0.15625,1.0,5 1 1,axial sagittal coronal,25.6,2024-01-22 17:00:38
6,20240122_135942_AIPT_multimodelLung20240122_1_85,35,M19,19_Localizer (E35),1_Localizer,FLASH,100.0,3.0,,,1.0,256x256,40x40,0.15625,1.0,5 1 1,axial sagittal coronal,25.6,2024-01-22 17:01:36
6,20240122_135942_AIPT_multimodelLung20240122_1_85,36,M19,19_T2_TurboRARE_Axial (E36),T2_TurboRARE,RARE,4379.1,10.0,,8.0,3.0,256x256,40x40,0.15625,0.5,46,axial,420.4,2024-01-22 17:10:26
6,20240122_135942_AIPT_multimodelLung20240122_1_85,37,M17,17_Localizer (E37),1_Localizer,FLASH,100.0,3.0,,,1.0,256x256,40x40,0.15625,1.0,5 1 1,axial sagittal coronal,25.6,2024-01-22 17:13:03
6,20240122_135942_AIPT_multimodelLung20240122_1_85,38,M17,17_T2_TurboRARE_Axial (E38),T2_TurboRARE,RARE,4379.1,10.0,,8.0,3.0,256x256,40x40,0.15625,0.5,46,axial,420.4,2024-01-22 17:22:18
7,20240129_112442_AIPT_multimodelLung20240129_1_86,2,M13,1013_T2_TurboRARE_Axial (E2),T2_TurboRARE,RARE,4379.1,10.0,,8.0,3.0,256x256,40x40,0.15625,0.5,46,axial,420.4,2024-01-29 11:46:19
7,20240129_112442_AIPT_multimodelLung20240129_1_86,4,M13,1013_Localizer (E4),1_Localizer,FLASH,100.0,3.0,,,1.0,256x256,40x40,0.15625,1.0,5 1 1,axial sagittal coronal,25.6,2024-01-29 11:32:20
7,20240129_112442_AIPT_multimodelLung20240129_1_86,6,M13,1013_Localizer (E6),1_Localizer,FLASH,100.0,3.0,,,1.0,256x256,40x40,0.15625,1.0,5 1 1,axial sagittal coronal,25.6,2024-01-29 11:36:47
7,20240129_112442_AIPT_multimodelLung20240129_1_86,7,M67,67_Localizer (E7),1_Localizer,FLASH,100.0,3.0,,,1.0,256x256,40x40,0.15625,1.0,5 1 1,axial sagittal coronal,25.6,2024-01-29 11:48:25
7,20240129_112442_AIPT_multimodelLung20240129_1_86,10,M67,67_T2_TurboRARE_Axial (E10),T2_TurboRARE,RARE,4379.1,10.0,,8.0,3.0,256x256,40x40,0.15625,0.5,46,axial,420.4,2024-01-29 12:04:40
7,20240129_112442_AIPT_multimodelLung20240129_1_86,11,M75,75_Localizer (E11),1_Localizer,FLASH,100.0,3.0,,,1.0,256x256,40x40,0.15625,1.0,5 1 1,axial sagittal coronal,25.6,2024-01-29 12:06:51
7,20240129_112442_AIPT_multimodelLung20240129_1_86,12,M75,75_T2_TurboRARE_Axial (E12),T2_TurboRARE,RARE,4379.1,10.0,,8.0,3.0,256x256,40x40,0.15625,0.5,46,axial,420.4,2024-01-29 12:15:26
7,20240129_112442_AIPT_multimodelLung20240129_1_86,13,M68,68_Localizer (E13),1_Localizer,FLASH,100.0,3.0,,,1.0,256x256,40x40,0.15625,1.0,5 1 1,axial sagittal coronal,25.6,2024-01-29 12:17:20
7,20240129_112442_AIPT_multimodelLung20240129_1_86,14,M68,68_T2_TurboRARE_Axial (E14),T2_TurboRARE,RARE,4379.1,10.0,,8.0,3.0,256x256,40x40,0.15625,0.5,46,axial,420.4,2024-01-29 12:27:27
7,20240129_112442_AIPT_multimodelLung20240129_1_86,15,M69,69_Localizer (E15),1_Localizer,FLASH,100.0,3.0,,,1.0,256x256,40x40,0.15625,1.0,5 1 1,axial sagittal coronal,25.6,2024-01-29 12:29:45
7,20240129_112442_AIPT_multimodelLung20240129_1_86,16,M69,69_T2_TurboRARE_Axial (E16),T2_TurboRARE,RARE,4379.1,10.0,,8.0,3.0,256x256,40x40,0.15625,0.5,46,axial,420.4,2024-01-29 12:39:21
7,20240129_112442_AIPT_multimodelLung20240129_1_86,17,M10,10_Localizer (E17),1_Localizer,FLASH,100.0,3.0,,,1.0,256x256,40x40,0.15625,1.0,5 1 1,axial sagittal coronal,25.6,2024-01-29 12:41:20
7,20240129_112442_AIPT_multimodelLung20240129_1_86,18,M10,10_T2_TurboRARE_Axial (E18),T2_TurboRARE,RARE,4379.1,10.0,,8.0,3.0,256x256,40x40,0.15625,0.5,46,axial,420.4,2024-01-29 12:51:42
7,20240129_112442_AIPT_multimodelLung20240129_1_86,19,M12,12_Localizer (E19),1_Localizer,FLASH,100.0,3.0,,,1.0,256x256,40x40,0.15625,1.0,5 1 1,axial sagittal coronal,25.6,2024-01-29 12:54:22
7,20240129_112442_AIPT_multimodelLung20240129_1_86,20,M12,12_T2_TurboRARE_Axial (E20),T2_TurboRARE,RARE,4379.1,10.0,,8.0,3.0,256x256,40x40,0.15625,0.5,46,axial,420.4,2024-01-29 13:03:17
7,20240129_112442_AIPT_multimodelLung20240129_1_86,21,M11,11_Localizer (E21),1_Localizer,FLASH,100.0,3.0,,,1.0,256x256,40x40,0.15625,1.0,5 1 1,axial sagittal coronal,25.6,2024-01-29 13:05:09
7,20240129_112442_AIPT_multimodelLung20240129_1_86,22,M11,11_T2_TurboRARE_Axial (E22),T2_TurboRARE,RARE,4379.1,10.0,,8.0,3.0,256x256,40x40,0.15625,0.5,46,axial,420.4,2024-01-29 13:14:43
7,20240129_112442_AIPT_multimodelLung20240129_1_86,23,M14,14_Localizer (E23),1_Localizer,FLASH,100.0,3.0,,,1.0,256x256,40x40,0.15625,1.0,5 1 1,axial sagittal coronal,25.6,2024-01-29 13:17:03
7,20240129_112442_AIPT_multimodelLung20240129_1_86,24,M14,14_T2_TurboRARE_Axial (E24),T2_TurboRARE,RARE,4379.1,10.0,,8.0,3.0,256x256,40x40,0.15625,0.5,46,axial,420.4,2024-01-29 13:26:03
7,20240129_112442_AIPT_multimodelLung20240129_1_86,25,M15,15_Localizer (E25),1_Localizer,FLASH,100.0,3.0,,,1.0,256x256,40x40,0.15625,1.0,5 1 1,axial sagittal coronal,25.6,2024-01-29 13:28:16
7,20240129_112442_AIPT_multimodelLung20240129_1_86,26,M15,15_T2_TurboRARE_Axial (E26),T2_TurboRARE,RARE,4379.1,10.0,,8.0,3.0,256x256,40x40,0.15625,0.5,46,axial,420.4,2024-01-29 13:38:59
7,20240129_112442_AIPT_multimodelLung20240129_1_86,27,M15,15_Localizer (E27),1_Localizer,FLASH,100.0,3.0,,,1.0,256x256,40x40,0.15625,1.0,5 1 1,axial sagittal coronal,25.6,2024-01-29 13:29:46
7,20240129_112442_AIPT_multimodelLung20240129_1_86,28,M17,17_Localizer (E28),1_Localizer,FLASH,100.0,3.0,,,1.0,256x256,40x40,0.15625,1.0,5 1 1,axial sagittal coronal,25.6,2024-01-29 13:40:45
7,20240129_112442_AIPT_multimodelLung20240129_1_86,29,M17,17_T2_TurboRARE_Axial (E29),T2_TurboRARE,RARE,4379.1,10.0,,8.0,3.0,256x256,40x40,0.15625,0.5,46,axial,420.4,2024-01-29 13:49:40
7,20240129_112442_AIPT_multimodelLung20240129_1_86,30,M18,18_Localizer (E30),1_Localizer,FLASH,100.0,3.0,,,1.0,256x256,40x40,0.15625,1.0,5 1 1,axial sagittal coronal,25.6,2024-01-29 13:51:23
7,20240129_112442_AIPT_multimodelLung20240129_1_86,31,M18,18_T2_TurboRARE_Axial (E31),T2_TurboRARE,RARE,4379.1,10.0,,8.0,3.0,256x256,40x40,0.15625,0.5,46,axial,420.4,2024-01-29 14:04:38
7,20240129_112442_AIPT_multimodelLung20240129_1_86,32,M19,19_Localizer (E32),1_Localizer,FLASH,100.0,3.0,,,1.0,256x256,40x40,0.15625,1.0,5 1 1,axial sagittal coronal,25.6,2024-01-29 14:06:49
7,20240129_112442_AIPT_multimodelLung20240129_1_86,33,M19,19_T2_TurboRARE_Axial (E33),T2_TurboRARE,RARE,4379.1,10.0,,8.0,3.0,256x256,40x40,0.15625,0.5,46,axial,420.4,2024-01-29 14:17:15
7,20240129_112442_AIPT_multimodelLung20240129_1_86,34,M19,19_Localizer (E34),1_Localizer,FLASH,100.0,3.0,,,1.0,256x256,40x40,0.15625,1.0,5 1 1,axial sagittal coronal,25.6,2024-01-29 14:07:47
8,20240205_122416_AIPT_multiModelLung20240205_1_89,1,M13,1013_Localizer (E1),1_Localizer,FLASH,100.0,3.0,,,1.0,256x256,40x40,0.15625,1.0,5 1 1,axial sagittal coronal,25.6,2024-02-05 13:47:28
8,20240205_122416_AIPT_multiModelLung20240205_1_89,2,M13,1013_T2_TurboRARE_Axial (E2),T2_TurboRARE,RARE,4379.1,10.0,,8.0,3.0,256x256,40x40,0.15625,0.5,46,axial,420.4,2024-02-05 14:02:47
8,20240205_122416_AIPT_multiModelLung20240205_1_89,3,M13,1013_Localizer (E3),1_Localizer,FLASH,100.0,3.0,,,1.0,256x256,40x40,0.15625,1.0,5 1 1,axial sagittal coronal,25.6,2024-02-05 13:49:43
8,20240205_122416_AIPT_multiModelLung20240205_1_89,4,M13,1013_Localizer (E4),1_Localizer,FLASH,100.0,3.0,,,1.0,256x256,40x40,0.15625,1.0,5 1 1,axial sagittal coronal,25.6,2024-02-05 13:53:37
8,20240205_122416_AIPT_multiModelLung20240205_1_89,5,M12,12_Localizer (E5),1_Localizer,FLASH,100.0,3.0,,,1.0,256x256,40x40,0.15625,1.0,5 1 1,axial sagittal coronal,25.6,2024-02-05 14:04:50
8,20240205_122416_AIPT_multiModelLung20240205_1_89,6,M12,12_T2_TurboRARE_Axial (E6),T2_TurboRARE,RARE,4379.1,10.0,,8.0,3.0,256x256,40x40,0.15625,0.5,46,axial,420.4,2024-02-05 14:13:48
8,20240205_122416_AIPT_multiModelLung20240205_1_89,7,M10,10_Localizer (E7),1_Localizer,FLASH,100.0,3.0,,,1.0,256x256,40x40,0.15625,1.0,5 1 1,axial sagittal coronal,25.6,2024-02-05 14:21:32
8,20240205_122416_AIPT_multiModelLung20240205_1_89,8,M10,10_T2_TurboRARE_Axial (E8),T2_TurboRARE,RARE,4379.1,10.0,,8.0,3.0,256x256,40x40,0.15625,0.5,46,axial,420.4,2024-02-05 14:30:30
8,20240205_122416_AIPT_multiModelLung20240205_1_89,10,M14,14_Localizer (E10),1_Localizer,FLASH,100.0,3.0,,,1.0,256x256,40x40,0.15625,1.0,5 1 1,axial sagittal coronal,25.6,2024-02-05 14:37:18
8,20240205_122416_AIPT_multiModelLung20240205_1_89,11,M14,14_T2_TurboRARE_Axial (E11),T2_TurboRARE,RARE,4379.1,10.0,,8.0,3.0,256x256,40x40,0.15625,0.5,46,axial,420.4,2024-02-05 14:46:37
8,20240205_122416_AIPT_multiModelLung20240205_1_89,13,,UTE (E13),UTE,UTE,181.7,0.610875,,,1.0,128x128,40x40,0.3125,0.5,36,axial,23.3,2024-02-05 14:35:33
8,20240205_122416_AIPT_multiModelLung20240205_1_89,14,M11,11_Localizer (E14),1_Localizer,FLASH,100.0,3.0,,,1.0,256x256,40x40,0.15625,1.0,5 1 1,axial sagittal coronal,25.6,2024-02-05 14:48:58
8,20240205_122416_AIPT_multiModelLung20240205_1_89,15,M11,11_T2_TurboRARE_Axial (E15),T2_TurboRARE,RARE,4379.1,10.0,,8.0,3.0,256x256,40x40,0.15625,0.5,46,axial,420.4,2024-02-05 14:58:37
8,20240205_122416_AIPT_multiModelLung20240205_1_89,16,M17,17_Localizer (E16),1_Localizer,FLASH,100.0,3.0,,,1.0,256x256,40x40,0.15625,1.0,5 1 1,axial sagittal coronal,25.6,2024-02-05 15:01:43
8,20240205_122416_AIPT_multiModelLung20240205_1_89,17,M17,17_T2_TurboRARE_Axial (E17),T2_TurboRARE,RARE,4379.1,10.0,,8.0,3.0,256x256,40x40,0.15625,0.5,46,axial,420.4,2024-02-05 15:11:01
8,20240205_122416_AIPT_multiModelLung20240205_1_89,18,M15,15_Localizer (E18),1_Localizer,FLASH,100.0,3.0,,,1.0,256x256,40x40,0.15625,1.0,5 1 1,axial sagittal coronal,25.6,2024-02-05 15:13:01
8,20240205_122416_AIPT_multiModelLung20240205_1_89,19,M15,15_T2_TurboRARE_Axial (E19),T2_TurboRARE,RARE,4379.1,10.0,,8.0,3.0,256x256,40x40,0.15625,0.5,46,axial,420.4,2024-02-05 15:21:49
8,20240205_122416_AIPT_multiModelLung20240205_1_89,20,M18,18_Localizer (E20),1_Localizer,FLASH,100.0,3.0,,,1.0,256x256,40x40,0.15625,1.0,5 1 1,axial sagittal coronal,25.6,2024-02-05 15:24:48
8,20240205_122416_AIPT_multiModelLung20240205_1_89,21,M18,18_T2_TurboRARE_Axial (E21),T2_TurboRARE,RARE,4379.1,10.0,,8.0,3.0,256x256,40x40,0.15625,0.5,46,axial,420.4,2024-02-05 15:34:08
8,20240205_122416_AIPT_multiModelLung20240205_1_89,22,M19,19_Localizer (E22),1_Localizer,FLASH,100.0,3.0,,,1.0,256x256,40x40,0.15625,1.0,5 1 1,axial sagittal coronal,25.6,2024-02-05 15:36:16
8,20240205_122416_AIPT_multiModelLung20240205_1_89,23,M19,19_T2_TurboRARE_Axial (E23),T2_TurboRARE,RARE,4379.1,10.0,,8.0,3.0,256x256,40x40,0.15625,0.5,46,axial,420.4,2024-02-05 15:44:51
8,20240205_122416_AIPT_multiModelLung20240205_1_89,24,M67,67_Localizer (E24),1_Localizer,FLASH,100.0,3.0,,,1.0,256x256,40x40,0.15625,1.0,5 1 1,axial sagittal coronal,25.6,2024-02-05 15:47:36
8,20240205_122416_AIPT_multiModelLung20240205_1_89,25,M67,67_T2_TurboRARE_Axial (E25),T2_TurboRARE,RARE,4379.1,10.0,,8.0,3.0,256x256,40x40,0.15625,0.5,46,axial,420.4,2024-02-05 15:56:50
8,20240205_122416_AIPT_multiModelLung20240205_1_89,26,M75,75_Localizer (E26),1_Localizer,FLASH,100.0,3.0,,,1.0,256x256,40x40,0.15625,1.0,5 1 1,axial sagittal coronal,25.6,2024-02-05 15:58:51
8,20240205_122416_AIPT_multiModelLung20240205_1_89,27,M75,75_T2_TurboRARE_Axial (E27),T2_TurboRARE,RARE,4379.1,10.0,,8.0,3.0,256x256,40x40,0.15625,0.5,46,axial,420.4,2024-02-05 16:08:03
8,20240205_122416_AIPT_multiModelLung20240205_1_89,28,M68,68_Localizer (E28),1_Localizer,FLASH,100.0,3.0,,,1.0,256x256,40x40,0.15625,1.0,5 1 1,axial sagittal coronal,25.6,2024-02-05 16:10:00
8,20240205_122416_AIPT_multiModelLung20240205_1_89,29,M68,68_T2_TurboRARE_Axial (E29),T2_TurboRARE,RARE,4379.1,10.0,,8.0,3.0,256x256,40x40,0.15625,0.5,46,axial,420.4,2024-02-05 16:19:56
8,20240205_122416_AIPT_multiModelLung20240205_1_89,30,M69,69_Localizer (E30),1_Localizer,FLASH,100.0,3.0,,,1.0,256x256,40x40,0.15625,1.0,5 1 1,axial sagittal coronal,25.6,2024-02-05 16:21:51
8,20240205_122416_AIPT_multiModelLung20240205_1_89,31,M69,69_T2_TurboRARE_Axial (E31),T2_TurboRARE,RARE,4379.1,10.0,,8.0,3.0,256x256,40x40,0.15625,0.5,46,axial,420.4,2024-02-05 16:30:07
9,20240212_140325_AIPT_multimodelLung20240212_1_90,1,M13,1013_Localizer (E1),1_Localizer,FLASH,100.0,3.0,,,1.0,256x256,40x40,0.15625,1.0,5 1 1,axial sagittal coronal,25.6,2024-02-12 14:09:49
9,20240212_140325_AIPT_multimodelLung20240212_1_90,2,M13,1013_T2_TurboRARE_Axial (E2),T2_TurboRARE,RARE,4379.1,10.0,,8.0,3.0,256x256,40x40,0.15625,0.5,46,axial,420.4,2024-02-12 14:21:50
9,20240212_140325_AIPT_multimodelLung20240212_1_90,3,M13,1013_Localizer (E3),1_Localizer,FLASH,100.0,3.0,,,1.0,256x256,40x40,0.15625,1.0,5 1 1,axial sagittal coronal,25.6,2024-02-12 14:12:29
9,20240212_140325_AIPT_multimodelLung20240212_1_90,4,M67,67_Localizer (E4),1_Localizer,FLASH,100.0,3.0,,,1.0,256x256,40x40,0.15625,1.0,5 1 1,axial sagittal coronal,25.6,2024-02-12 14:23:40
9,20240212_140325_AIPT_multimodelLung20240212_1_90,5,M67,67_T2_TurboRARE_Axial (E5),T2_TurboRARE,RARE,4379.1,10.0,,8.0,3.0,256x256,40x40,0.15625,0.5,46,axial,420.4,2024-02-12 14:33:16
9,20240212_140325_AIPT_multimodelLung20240212_1_90,6,M75,75_Localizer (E6),1_Localizer,FLASH,100.0,3.0,,,1.0,256x256,40x40,0.15625,1.0,5 1 1,axial sagittal coronal,25.6,2024-02-12 14:34:52
9,20240212_140325_AIPT_multimodelLung20240212_1_90,7,M75,75_T2_TurboRARE_Axial (E7),T2_TurboRARE,RARE,4379.1,10.0,,8.0,3.0,256x256,40x40,0.15625,0.5,46,axial,420.4,2024-02-12 14:46:32
9,20240212_140325_AIPT_multimodelLung20240212_1_90,8,M12,12_Localizer (E8),1_Localizer,FLASH,100.0,3.0,,,1.0,256x256,40x40,0.15625,1.0,5 1 1,axial sagittal coronal,25.6,2024-02-12 14:49:25
9,20240212_140325_AIPT_multimodelLung20240212_1_90,9,M12,12_T2_TurboRARE_Axial (E9),T2_TurboRARE,RARE,4379.1,10.0,,8.0,3.0,256x256,40x40,0.15625,0.5,46,axial,420.4,2024-02-12 14:58:57
9,20240212_140325_AIPT_multimodelLung20240212_1_90,10,M11,11_Localizer (E10),1_Localizer,FLASH,100.0,3.0,,,1.0,256x256,40x40,0.15625,1.0,5 1 1,axial sagittal coronal,25.6,2024-02-12 15:00:37
9,20240212_140325_AIPT_multimodelLung20240212_1_90,11,M11,11_T2_TurboRARE_Axial (E11),T2_TurboRARE,RARE,4379.1,10.0,,8.0,3.0,256x256,40x40,0.15625,0.5,46,axial,420.4,2024-02-12 15:10:05
9,20240212_140325_AIPT_multimodelLung20240212_1_90,12,M10,10_Localizer (E12),1_Localizer,FLASH,100.0,3.0,,,1.0,256x256,40x40,0.15625,1.0,5 1 1,axial sagittal coronal,25.6,2024-02-12 15:22:49
9,20240212_140325_AIPT_multimodelLung20240212_1_90,13,M10,10_T2_TurboRARE_Axial (E13),T2_TurboRARE,RARE,4379.1,10.0,,8.0,3.0,256x256,40x40,0.15625,0.5,46,axial,420.4,2024-02-12 15:31:53
9,20240212_140325_AIPT_multimodelLung20240212_1_90,14,M11,11_T2_TurboRARE_Axial (E14),T2_TurboRARE,RARE,3800.0,10.0,,8.0,3.0,256x256,40x40,0.15625,0.5,38,coronal,364.8,2024-02-12 15:20:40
9,20240212_140325_AIPT_multimodelLung20240212_1_90,15,M14,14_Localizer (E15),1_Localizer,FLASH,100.0,3.0,,,1.0,256x256,40x40,0.15625,1.0,5 1 1,axial sagittal coronal,25.6,2024-02-12 15:34:13
9,20240212_140325_AIPT_multimodelLung20240212_1_90,16,M14,14_T2_TurboRARE_Axial (E16),T2_TurboRARE,RARE,4379.1,10.0,,8.0,3.0,256x256,40x40,0.15625,0.5,46,axial,420.4,2024-02-12 15:44:51
9,20240212_140325_AIPT_multimodelLung20240212_1_90,17,M18,18_Localizer (E17),1_Localizer,FLASH,100.0,3.0,,,1.0,256x256,40x40,0.15625,1.0,5 1 1,axial sagittal coronal,25.6,2024-02-12 15:46:53
9,20240212_140325_AIPT_multimodelLung20240212_1_90,18,M18,18_T2_TurboRARE_Axial (E18),T2_TurboRARE,RARE,4379.1,10.0,,8.0,3.0,256x256,40x40,0.15625,0.5,46,axial,420.4,2024-02-12 15:55:56
9,20240212_140325_AIPT_multimodelLung20240212_1_90,19,M19,19_Localizer (E19),1_Localizer,FLASH,100.0,3.0,,,1.0,256x256,40x40,0.15625,1.0,5 1 1,axial sagittal coronal,25.6,2024-02-12 15:57:54
9,20240212_140325_AIPT_multimodelLung20240212_1_90,20,M19,19_T2_TurboRARE_Axial (E20),T2_TurboRARE,RARE,4379.1,10.0,,8.0,3.0,256x256,40x40,0.15625,0.5,46,axial,420.4,2024-02-12 16:08:02
9,20240212_140325_AIPT_multimodelLung20240212_1_90,21,M17,17_Localizer (E21),1_Localizer,FLASH,100.0,3.0,,,1.0,256x256,40x40,0.15625,1.0,5 1 1,axial sagittal coronal,25.6,2024-02-12 16:10:06
9,20240212_140325_AIPT_multimodelLung20240212_1_90,22,M17,17_T2_TurboRARE_Axial (E22),T2_TurboRARE,RARE,4379.1,10.0,,8.0,3.0,256x256,40x40,0.15625,0.5,46,axial,420.4,2024-02-12 16:20:16
9,20240212_140325_AIPT_multimodelLung20240212_1_90,23,M15,15_Localizer (E23),1_Localizer,FLASH,100.0,3.0,,,1.0,256x256,40x40,0.15625,1.0,5 1 1,axial sagittal coronal,25.6,2024-02-12 16:22:18
9,20240212_140325_AIPT_multimodelLung20240212_1_90,24,M15,15_T2_TurboRARE_Axial (E24),T2_TurboRARE,RARE,4379.1,10.0,,8.0,3.0,256x256,40x40,0.15625,0.5,46,axial,420.4,2024-02-12 16:31:30
9,20240212_140325_AIPT_multimodelLung20240212_1_90,25,M68,68_Localizer (E25),1_Localizer,FLASH,100.0,3.0,,,1.0,256x256,40x40,0.15625,1.0,5 1 1,axial sagittal coronal,25.6,2024-02-12 16:33:27
9,20240212_140325_AIPT_multimodelLung20240212_1_90,26,M68,68_T2_TurboRARE_Axial (E26),T2_TurboRARE,RARE,4379.1,10.0,,8.0,3.0,256x256,40x40,0.15625,0.5,46,axial,420.4,2024-02-12 16:43:16
9,20240212_140325_AIPT_multimodelLung20240212_1_90,27,M69,69_Localizer (E27),1_Localizer,FLASH,100.0,3.0,,,1.0,256x256,40x40,0.15625,1.0,5 1 1,axial sagittal coronal,25.6,2024-02-12 16:45:22
9,20240212_140325_AIPT_multimodelLung20240212_1_90,28,M69,69_T2_TurboRARE_Axial (E28),T2_TurboRARE,RARE,4379.1,10.0,,8.0,3.0,256x256,40x40,0.15625,0.5,46,axial,420.4,2024-02-12 16:55:52
9,20240212_140325_AIPT_multimodelLung20240212_1_90,29,M13,1013_Localizer (E29),1_Localizer,FLASH,100.0,3.0,,,1.0,256x256,40x40,0.15625,1.0,5 1 1,axial sagittal coronal,25.6,2024-02-12 17:04:52
9,20240212_140325_AIPT_multimodelLung20240212_1_90,30,M13,1013_T2_TurboRARE_Axial (E30),T2_TurboRARE,RARE,3500.0,10.0,,8.0,3.0,256x256,30x30,0.1171875,0.5,36,coronal,336.0,2024-02-12 17:15:01
10,20240216_114211_AIPT_multimodelLung20240216_1_91,1,M13,1013_Localizer (E1),1_Localizer,FLASH,100.0,3.0,,,1.0,256x256,40x40,0.15625,1.0,5 1 1,axial sagittal coronal,25.6,2024-02-16 11:48:37
10,20240216_114211_AIPT_multimodelLung20240216_1_91,2,M13,1013_T2_TurboRARE_Axial (E2),T2_TurboRARE,RARE,4379.1,10.0,,8.0,3.0,256x256,40x40,0.15625,0.5,46,axial,420.4,2024-02-16 11:56:44
10,20240216_114211_AIPT_multimodelLung20240216_1_91,3,M13,1013_T2_TurboRARE_Coronal (E3),T2_TurboRARE,RARE,3500.0,10.0,,8.0,3.0,256x256,30x30,0.1171875,0.5,36,coronal,336.0,2024-02-16 12:02:48
10,20240216_114211_AIPT_multimodelLung20240216_1_91,4,M13,1013_T1_FLASH_flc (E4),T1_FLASH_flc,FcFLASH,601.0,3.0666,,,5.0,256x256,40x40,0.15625,0.5,46,axial,769.3,2024-02-16 12:16:25
10,20240216_114211_AIPT_multimodelLung20240216_1_91,6,M2,2_Planning (E6),2_Planning,FcFLASH,79.3,3.5,,,18.0,256x256,25x25,0.09765625,0.8,12,axial,365.4,2024-02-16 12:19:44
10,20240216_114211_AIPT_multimodelLung20240216_1_91,7,M3,3_Planning (E7),3_Planning,FcFLASH,66.6,3.5,,,25.0,256x256,25x25,0.09765625,0.8,10,coronal,425.9,2024-02-16 12:23:33
10,20240216_114211_AIPT_multimodelLung20240216_1_91,8,M13,1013_T1_FLASH_flc (E8),T1_FLASH_flc,FcFLASH,601.0,3.0666,,,5.0,256x256,30x30,0.1171875,0.5,36,coronal,769.3,2024-02-16 12:37:25
11,20240226_111137_AIPT_multimodelLung20240226_1_92,1,M13,1013_Localizer (E1),1_Localizer,FLASH,100.0,3.0,,,1.0,256x256,40x40,0.15625,1.0,5 1 1,axial sagittal coronal,25.6,2024-02-26 11:18:54
11,20240226_111137_AIPT_multimodelLung20240226_1_92,2,M13,1013_T2_TurboRARE_Axial (E2),T2_TurboRARE,RARE,4379.1,10.0,,8.0,3.0,256x256,40x40,0.15625,0.5,46,axial,420.4,2024-02-26 11:27:30
11,20240226_111137_AIPT_multimodelLung20240226_1_92,5,M14,14_Localizer (E5),1_Localizer,FLASH,100.0,3.0,,,1.0,256x256,40x40,0.15625,1.0,5 1 1,axial sagittal coronal,25.6,2024-02-26 11:30:12
11,20240226_111137_AIPT_multimodelLung20240226_1_92,6,M14,14_T2_TurboRARE_Axial (E6),T2_TurboRARE,RARE,4379.1,10.0,,8.0,3.0,256x256,40x40,0.15625,0.5,46,axial,420.4,2024-02-26 11:39:12
11,20240226_111137_AIPT_multimodelLung20240226_1_92,7,M11,11_Localizer (E7),1_Localizer,FLASH,100.0,3.0,,,1.0,256x256,40x40,0.15625,1.0,5 1 1,axial sagittal coronal,25.6,2024-02-26 11:51:00
11,20240226_111137_AIPT_multimodelLung20240226_1_92,8,M11,11_T2_TurboRARE_Axial (E8),T2_TurboRARE,RARE,4379.1,10.0,,8.0,3.0,256x256,40x40,0.15625,0.5,46,axial,420.4,2024-02-26 12:00:47
11,20240226_111137_AIPT_multimodelLung20240226_1_92,10,M14,14_T2_TurboRARE_Coronal (E10),T2_TurboRARE,RARE,3500.0,10.0,,8.0,3.0,256x256,30x30,0.1171875,0.5,36,coronal,336.0,2024-02-26 11:48:44
11,20240226_111137_AIPT_multimodelLung20240226_1_92,11,M12,12_Localizer (E11),1_Localizer,FLASH,100.0,3.0,,,1.0,256x256,40x40,0.15625,1.0,5 1 1,axial sagittal coronal,25.6,2024-02-26 12:02:26
11,20240226_111137_AIPT_multimodelLung20240226_1_92,12,M12,12_T2_TurboRARE_Axial (E12),T2_TurboRARE,RARE,4379.1,10.0,,8.0,3.0,256x256,40x40,0.15625,0.5,46,axial,420.4,2024-02-26 12:11:38
11,20240226_111137_AIPT_multimodelLung20240226_1_92,13,M10,10_Localizer (E13),1_Localizer,FLASH,100.0,3.0,,,1.0,256x256,40x40,0.15625,1.0,5 1 1,axial sagittal coronal,25.6,2024-02-26 12:17:33
11,20240226_111137_AIPT_multimodelLung20240226_1_92,14,M10,10_T2_TurboRARE_Axial (E14),T2_TurboRARE,RARE,4379.1,10.0,,8.0,3.0,256x256,40x40,0.15625,0.5,46,axial,420.4,2024-02-26 12:26:49
11,20240226_111137_AIPT_multimodelLung20240226_1_92,15,M18,18_Localizer (E15),1_Localizer,FLASH,100.0,3.0,,,1.0,256x256,40x40,0.15625,1.0,5 1 1,axial sagittal coronal,25.6,2024-02-26 12:28:40
11,20240226_111137_AIPT_multimodelLung20240226_1_92,16,M18,18_T2_TurboRARE_Axial (E16),T2_TurboRARE,RARE,4379.1,10.0,,8.0,3.0,256x256,40x40,0.15625,0.5,46,axial,420.4,2024-02-26 12:38:11
11,20240226_111137_AIPT_multimodelLung20240226_1_92,17,M19,19_Localizer (E17),1_Localizer,FLASH,100.0,3.0,,,1.0,256x256,40x40,0.15625,1.0,5 1 1,axial sagittal coronal,25.6,2024-02-26 12:39:44
11,20240226_111137_AIPT_multimodelLung20240226_1_92,18,M19,19_T2_TurboRARE_Axial (E18),T2_TurboRARE,RARE,4379.1,10.0,,8.0,3.0,256x256,40x40,0.15625,0.5,46,axial,420.4,2024-02-26 12:48:42
11,20240226_111137_AIPT_multimodelLung20240226_1_92,19,M17,17_Localizer (E19),1_Localizer,FLASH,100.0,3.0,,,1.0,256x256,40x40,0.15625,1.0,5 1 1,axial sagittal coronal,25.6,2024-02-26 12:50:34
11,20240226_111137_AIPT_multimodelLung20240226_1_92,20,M17,17_T2_TurboRARE_Axial (E20),T2_TurboRARE,RARE,4379.1,10.0,,8.0,3.0,256x256,40x40,0.15625,0.5,46,axial,420.4,2024-02-26 12:59:56
11,20240226_111137_AIPT_multimodelLung20240226_1_92,21,M15,15_Localizer (E21),1_Localizer,FLASH,100.0,3.0,,,1.0,256x256,40x40,0.15625,1.0,5 1 1,axial sagittal coronal,25.6,2024-02-26 13:01:41
11,20240226_111137_AIPT_multimodelLung20240226_1_92,22,M15,15_T2_TurboRARE_Axial (E22),T2_TurboRARE,RARE,4379.1,10.0,,8.0,3.0,256x256,40x40,0.15625,0.5,46,axial,420.4,2024-02-26 13:10:59
11,20240226_111137_AIPT_multimodelLung20240226_1_92,23,M68,68_Localizer (E23),1_Localizer,FLASH,100.0,3.0,,,1.0,256x256,40x40,0.15625,1.0,5 1 1,axial sagittal coronal,25.6,2024-02-26 13:13:22
11,20240226_111137_AIPT_multimodelLung20240226_1_92,24,M68,68_T2_TurboRARE_Axial (E24),T2_TurboRARE,RARE,4379.1,10.0,,8.0,3.0,256x256,40x40,0.15625,0.5,46,axial,420.4,2024-02-26 13:22:11
11,20240226_111137_AIPT_multimodelLung20240226_1_92,25,M69,69_Localizer (E25),1_Localizer,FLASH,100.0,3.0,,,1.0,256x256,40x40,0.15625,1.0,5 1 1,axial sagittal coronal,25.6,2024-02-26 13:24:16
11,20240226_111137_AIPT_multimodelLung20240226_1_92,26,M69,69_T2_TurboRARE_Axial (E26),T2_TurboRARE,RARE,4379.1,10.0,,8.0,3.0,256x256,40x40,0.15625,0.5,46,axial,420.4,2024-02-26 13:32:45
11,20240226_111137_AIPT_multimodelLung20240226_1_92,27,M67,67_Localizer (E27),1_Localizer,FLASH,100.0,3.0,,,1.0,256x256,40x40,0.15625,1.0,5 1 1,axial sagittal coronal,25.6,2024-02-26 13:34:25
11,20240226_111137_AIPT_multimodelLung20240226_1_92,28,M67,67_T2_TurboRARE_Axial (E28),T2_TurboRARE,RARE,4379.1,10.0,,8.0,3.0,256x256,40x40,0.15625,0.5,46,axial,420.4,2024-02-26 13:43:49
11,20240226_111137_AIPT_multimodelLung20240226_1_92,29,M75,75_Localizer (E29),1_Localizer,FLASH,100.0,3.0,,,1.0,256x256,40x40,0.15625,1.0,5 1 1,axial sagittal coronal,25.6,2024-02-26 13:49:34
11,20240226_111137_AIPT_multimodelLung20240226_1_92,30,M75,75_T2_TurboRARE_Axial (E30),T2_TurboRARE,RARE,4379.1,10.0,,8.0,3.0,256x256,40x40,0.15625,0.5,46,axial,420.4,2024-02-26 13:58:02
12,20240304_151201_AIPT_multimodelLung20240304_1_95,1,M13,1013_Localizer (E1),1_Localizer,FLASH,100.0,3.0,,,1.0,256x256,40x40,0.15625,1.0,5 1 1,axial sagittal coronal,25.6,2024-03-04 15:17:57
12,20240304_151201_AIPT_multimodelLung20240304_1_95,2,M13,1013_T2_TurboRARE_Axial (E2),T2_TurboRARE,RARE,4379.1,10.0,,8.0,3.0,256x256,40x40,0.15625,0.5,46,axial,420.4,2024-03-04 15:30:13
12,20240304_151201_AIPT_multimodelLung20240304_1_95,3,M13,1013_Localizer (E3),1_Localizer,FLASH,100.0,3.0,,,1.0,256x256,40x40,0.15625,1.0,5 1 1,axial sagittal coronal,25.6,2024-03-04 15:20:46
12,20240304_151201_AIPT_multimodelLung20240304_1_95,4,M13,1013_T2_TurboRARE_Axial (E4),T2_TurboRARE,RARE,4379.1,10.0,,8.0,3.0,256x256,40x40,0.15625,0.5,40,coronal,420.4,2024-03-04 15:39:13
12,20240304_151201_AIPT_multimodelLung20240304_1_95,5,M10,10_Localizer (E5),1_Localizer,FLASH,100.0,3.0,,,1.0,256x256,40x40,0.15625,1.0,5 1 1,axial sagittal coronal,25.6,2024-03-04 15:52:45
12,20240304_151201_AIPT_multimodelLung20240304_1_95,6,M10,10_T2_TurboRARE_Axial (E6),T2_TurboRARE,RARE,4000.0,10.0,,8.0,3.0,256x256,40x40,0.15625,0.5,40,axial,384.0,2024-03-04 16:03:25
12,20240304_151201_AIPT_multimodelLung20240304_1_95,7,M13,1013_T1_FLASH_flc (E7),T1_FLASH_flc,FcFLASH,500.0,3.0666,,,4.0,256x256,40x40,0.15625,0.5,40,axial,512.0,2024-03-04 15:49:42
12,20240304_151201_AIPT_multimodelLung20240304_1_95,10,M11,11_Localizer (E10),1_Localizer,FLASH,100.0,3.0,,,1.0,256x256,40x40,0.15625,1.0,5 1 1,axial sagittal coronal,25.6,2024-03-04 16:06:13
12,20240304_151201_AIPT_multimodelLung20240304_1_95,11,M11,11_T2_TurboRARE_Axial (E11),T2_TurboRARE,RARE,4000.0,10.0,,8.0,3.0,256x256,40x40,0.15625,0.5,40,axial,384.0,2024-03-04 16:15:44
12,20240304_151201_AIPT_multimodelLung20240304_1_95,12,M12,12_Localizer (E12),1_Localizer,FLASH,100.0,3.0,,,1.0,256x256,40x40,0.15625,1.0,5 1 1,axial sagittal coronal,25.6,2024-03-04 16:17:30
12,20240304_151201_AIPT_multimodelLung20240304_1_95,13,M12,12_T2_TurboRARE_Axial (E13),T2_TurboRARE,RARE,4000.0,10.0,,8.0,3.0,256x256,40x40,0.15625,0.5,40,axial,384.0,2024-03-04 16:26:55
12,20240304_151201_AIPT_multimodelLung20240304_1_95,14,M14,14_Localizer (E14),1_Localizer,FLASH,100.0,3.0,,,1.0,256x256,40x40,0.15625,1.0,5 1 1,axial sagittal coronal,25.6,2024-03-04 16:39:00
12,20240304_151201_AIPT_multimodelLung20240304_1_95,16,M14,14_T2_TurboRARE_Axial (E16),T2_TurboRARE,RARE,4000.0,10.0,,8.0,3.0,256x256,40x40,0.15625,0.5,40,axial,384.0,2024-03-04 16:47:14
12,20240304_151201_AIPT_multimodelLung20240304_1_95,17,M12,12_T2_TurboRARE_Coronal (E17),T2_TurboRARE,RARE,4000.0,10.0,,8.0,3.0,256x256,40x40,0.15625,0.5,40,coronal,384.0,2024-03-04 16:36:42
12,20240304_151201_AIPT_multimodelLung20240304_1_95,18,M15,15_Localizer (E18),1_Localizer,FLASH,100.0,3.0,,,1.0,256x256,40x40,0.15625,1.0,5 1 1,axial sagittal coronal,25.6,2024-03-04 16:49:13
12,20240304_151201_AIPT_multimodelLung20240304_1_95,20,M15,15_T2_TurboRARE_Axial (E20),T2_TurboRARE,RARE,4000.0,10.0,,8.0,3.0,256x256,40x40,0.15625,0.5,40,axial,384.0,2024-03-04 16:58:44
12,20240304_151201_AIPT_multimodelLung20240304_1_95,21,M17,17_Localizer (E21),1_Localizer,FLASH,100.0,3.0,,,1.0,256x256,40x40,0.15625,1.0,5 1 1,axial sagittal coronal,25.6,2024-03-04 17:16:08
12,20240304_151201_AIPT_multimodelLung20240304_1_95,23,M15,15_T1_FLASH_flc_Axial (E23),T1_FLASH_flc,FcFLASH,600.0,3.0666,,,3.0,256x256,40x40,0.15625,0.5,40,axial,460.8,2024-03-04 17:12:52
12,20240304_151201_AIPT_multimodelLung20240304_1_95,24,M17,17_T2_TurboRARE_Axial (E24),T2_TurboRARE,RARE,4000.0,10.0,,8.0,3.0,256x256,40x40,0.15625,0.5,40,axial,384.0,2024-03-04 17:24:20
12,20240304_151201_AIPT_multimodelLung20240304_1_95,25,M18,18_Localizer (E25),1_Localizer,FLASH,100.0,3.0,,,1.0,256x256,40x40,0.15625,1.0,5 1 1,axial sagittal coronal,25.6,2024-03-04 17:27:04
12,20240304_151201_AIPT_multimodelLung20240304_1_95,26,M18,18_T2_TurboRARE_Axial (E26),T2_TurboRARE,RARE,4000.0,10.0,,8.0,3.0,256x256,40x40,0.15625,0.5,40,axial,384.0,2024-03-04 17:35:50
12,20240304_151201_AIPT_multimodelLung20240304_1_95,27,M19,19_Localizer (E27),1_Localizer,FLASH,100.0,3.0,,,1.0,256x256,40x40,0.15625,1.0,5 1 1,axial sagittal coronal,25.6,2024-03-04 17:37:37
12,20240304_151201_AIPT_multimodelLung20240304_1_95,28,M19,19_T2_TurboRARE_Axial (E28),T2_TurboRARE,RARE,4000.0,10.0,,8.0,3.0,256x256,40x40,0.15625,0.5,40,axial,384.0,2024-03-04 17:46:02
12,20240304_151201_AIPT_multimodelLung20240304_1_95,29,M67,67_Localizer (E29),1_Localizer,FLASH,100.0,3.0,,,1.0,256x256,40x40,0.15625,1.0,5 1 1,axial sagittal coronal,25.6,2024-03-04 17:47:58
12,20240304_151201_AIPT_multimodelLung20240304_1_95,30,M67,67_T2_TurboRARE_Axial (E30),T2_TurboRARE,RARE,4000.0,10.0,,8.0,3.0,256x256,40x40,0.15625,0.5,40,axial,384.0,2024-03-04 17:58:05
12,20240304_151201_AIPT_multimodelLung20240304_1_95,31,M68,68_Localizer (E31),1_Localizer,FLASH,100.0,3.0,,,1.0,256x256,40x40,0.15625,1.0,5 1 1,axial sagittal coronal,25.6,2024-03-04 17:59:50
12,20240304_151201_AIPT_multimodelLung20240304_1_95,32,M68,68_T2_TurboRARE_Axial (E32),T2_TurboRARE,RARE,4000.0,10.0,,8.0,3.0,256x256,40x40,0.15625,0.5,40,axial,384.0,2024-03-04 18:08:34
12,20240304_151201_AIPT_multimodelLung20240304_1_95,33,M69,69_Localizer (E33),1_Localizer,FLASH,100.0,3.0,,,1.0,256x256,40x40,0.15625,1.0,5 1 1,axial sagittal coronal,25.6,2024-03-04 18:10:21
12,20240304_151201_AIPT_multimodelLung20240304_1_95,34,M69,69_T2_TurboRARE_Axial (E34),T2_TurboRARE,RARE,4000.0,10.0,,8.0,3.0,256x256,40x40,0.15625,0.5,40,axial,384.0,2024-03-04 18:18:13
12,20240304_151201_AIPT_multimodelLung20240304_1_95,35,M17,17_Localizer,1_Localizer,FLASH,100.0,3.0,,,1.0,256x256,40x40,0.15625,1.0,5 1 1,axial sagittal coronal,25.6,
13,20240311_142100_AIPT_20240311multimodalLung_1_99,3,M10,10_Localizer (E3),1_Localizer,FLASH,100.0,3.0,,,1.0,256x256,40x40,0.15625,1.0,5 1 1,axial sagittal coronal,25.6,2024-03-11 14:52:27
13,20240311_142100_AIPT_20240311multimodalLung_1_99,4,M10,10_T2_TurboRARE_Axial (E4),T2_TurboRARE,RARE,4379.1,10.0,,8.0,3.0,256x256,40x40,0.15625,0.5,46,axial,420.4,2024-03-11 15:01:25
13,20240311_142100_AIPT_20240311multimodalLung_1_99,5,M13,1013_Localizer (E5),1_Localizer,FLASH,100.0,3.0,,,1.0,256x256,40x40,0.15625,1.0,1 1 1,axial sagittal coronal,25.6,2024-03-11 14:37:09
13,20240311_142100_AIPT_20240311multimodalLung_1_99,8,M13,1013_T2_TurboRARE_Axial (E8),T2_TurboRARE,RARE,4379.1,10.0,,8.0,3.0,256x256,40x40,0.15625,0.5,46,axial,420.4,2024-03-11 14:50:18
13,20240311_142100_AIPT_20240311multimodalLung_1_99,9,M11,11_Localizer (E9),1_Localizer,FLASH,100.0,3.0,,,1.0,256x256,40x40,0.15625,1.0,5 1 1,axial sagittal coronal,25.6,2024-03-11 15:03:08
13,20240311_142100_AIPT_20240311multimodalLung_1_99,11,M12,12_Localizer (E11),1_Localizer,FLASH,100.0,3.0,,,1.0,256x256,40x40,0.15625,1.0,5 1 1,axial sagittal coronal,25.6,2024-03-11 15:19:02
13,20240311_142100_AIPT_20240311multimodalLung_1_99,12,M11,11_T2_TurboRARE_Axial (E12),T2_TurboRARE,RARE,4379.1,10.0,,8.0,3.0,256x256,40x40,0.15625,0.5,46,axial,420.4,2024-03-11 15:14:56
13,20240311_142100_AIPT_20240311multimodalLung_1_99,13,M12,12_T2_TurboRARE_Axial (E13),T2_TurboRARE,RARE,4379.1,10.0,,8.0,3.0,256x256,40x40,0.15625,0.5,46,axial,420.4,2024-03-11 15:28:07
13,20240311_142100_AIPT_20240311multimodalLung_1_99,15,M14,14_Localizer (E15),1_Localizer,FLASH,100.0,3.0,,,1.0,256x256,40x40,0.15625,1.0,5 1 1,axial sagittal coronal,25.6,2024-03-11 15:29:54
13,20240311_142100_AIPT_20240311multimodalLung_1_99,16,M14,14_T2_TurboRARE_Axial (E16),T2_TurboRARE,RARE,4379.1,10.0,,8.0,3.0,256x256,40x40,0.15625,0.5,46,axial,420.4,2024-03-11 15:38:45
13,20240311_142100_AIPT_20240311multimodalLung_1_99,17,M15,15_Localizer (E17),1_Localizer,FLASH,100.0,3.0,,,1.0,256x256,40x40,0.15625,1.0,5 1 1,axial sagittal coronal,25.6,2024-03-11 15:40:42
13,20240311_142100_AIPT_20240311multimodalLung_1_99,18,M15,15_T2_TurboRARE_Axial (E18),T2_TurboRARE,RARE,4379.1,10.0,,8.0,3.0,256x256,40x40,0.15625,0.5,46,axial,420.4,2024-03-11 15:49:34
13,20240311_142100_AIPT_20240311multimodalLung_1_99,19,M17,17_Localizer (E19),1_Localizer,FLASH,100.0,3.0,,,1.0,256x256,40x40,0.15625,1.0,5 1 1,axial sagittal coronal,25.6,2024-03-11 15:51:17
13,20240311_142100_AIPT_20240311multimodalLung_1_99,20,M17,17_T2_TurboRARE_Axial (E20),T2_TurboRARE,RARE,4379.1,10.0,,8.0,3.0,256x256,40x40,0.15625,0.5,46,axial,420.4,2024-03-11 16:00:15
13,20240311_142100_AIPT_20240311multimodalLung_1_99,21,M18,18_Localizer (E21),1_Localizer,FLASH,100.0,3.0,,,1.0,256x256,40x40,0.15625,1.0,5 1 1,axial sagittal coronal,25.6,2024-03-11 16:01:55
13,20240311_142100_AIPT_20240311multimodalLung_1_99,22,M18,18_T2_TurboRARE_Axial (E22),T2_TurboRARE,RARE,4379.1,10.0,,8.0,3.0,256x256,40x40,0.15625,0.5,46,axial,420.4,2024-03-11 16:10:25
13,20240311_142100_AIPT_20240311multimodalLung_1_99,23,M19,19_Localizer (E23),1_Localizer,FLASH,100.0,3.0,,,1.0,256x256,40x40,0.15625,1.0,5 1 1,axial sagittal coronal,25.6,2024-03-11 16:12:27
13,20240311_142100_AIPT_20240311multimodalLung_1_99,24,M19,19_T2_TurboRARE_Axial (E24),T2_TurboRARE,RARE,4379.1,10.0,,8.0,3.0,256x256,40x40,0.15625,0.5,46,axial,420.4,2024-03-11 16:21:20
13,20240311_142100_AIPT_20240311multimodalLung_1_99,25,M67,67_Localizer (E25),1_Localizer,FLASH,100.0,3.0,,,1.0,256x256,40x40,0.15625,1.0,5 1 1,axial sagittal coronal,25.6,2024-03-11 16:23:19
13,20240311_142100_AIPT_20240311multimodalLung_1_99,26,M67,67_T2_TurboRARE_Axial (E26),T2_TurboRARE,RARE,4379.1,10.0,,8.0,3.0,256x256,40x40,0.15625,0.5,46,axial,420.4,2024-03-11 16:32:08
13,20240311_142100_AIPT_20240311multimodalLung_1_99,27,M68,68_Localizer (E27),1_Localizer,FLASH,100.0,3.0,,,1.0,256x256,40x40,0.15625,1.0,5 1 1,axial sagittal coronal,25.6,2024-03-11 16:34:46
13,20240311_142100_AIPT_20240311multimodalLung_1_99,28,M68,68_T2_TurboRARE_Axial (E28),T2_TurboRARE,RARE,4379.1,10.0,,8.0,3.0,256x256,40x40,0.15625,0.5,46,axial,420.4,2024-03-11 16:43:36
13,20240311_142100_AIPT_20240311multimodalLung_1_99,29,M69,69_Localizer (E29),1_Localizer,FLASH,100.0,3.0,,,1.0,256x256,40x40,0.15625,1.0,5 1 1,axial sagittal coronal,25.6,2024-03-11 16:46:22
13,20240311_142100_AIPT_20240311multimodalLung_1_99,30,M69,69_T2_TurboRARE_Axial (E30),T2_TurboRARE,RARE,4379.1,10.0,,8.0,3.0,256x256,40x40,0.15625,0.5,46,axial,420.4,2024-03-11 16:55:02
14,20240318_140839_AIPT_MultimodalLung20240318_1_101,1,M13,1013_Localizer (E1),1_Localizer,FLASH,100.0,3.0,,,1.0,256x256,40x40,0.15625,1.0,1 1 1,axial sagittal coronal,25.6,2024-03-18 14:12:47
14,20240318_140839_AIPT_MultimodalLung20240318_1_101,2,M13,1013_T2_TurboRARE_Axial (E2),T2_TurboRARE,RARE,4379.1,10.0,,8.0,3.0,256x256,40x40,0.15625,0.5,46,axial,420.4,2024-03-18 14:24:46
14,20240318_140839_AIPT_MultimodalLung20240318_1_101,3,M13,1013_Localizer (E3),1_Localizer,FLASH,100.0,3.0,,,1.0,256x256,40x40,0.15625,1.0,1 1 1,axial sagittal coronal,25.6,2024-03-18 14:14:11
14,20240318_140839_AIPT_MultimodalLung20240318_1_101,4,M13,1013_Localizer (E4),1_Localizer,FLASH,100.0,3.0,,,1.0,256x256,40x40,0.15625,1.0,1 1 1,axial sagittal coronal,25.6,2024-03-18 14:16:20
14,20240318_140839_AIPT_MultimodalLung20240318_1_101,5,M10,10_Localizer (E5),1_Localizer,FLASH,100.0,3.0,,,1.0,256x256,40x40,0.15625,1.0,5 1 1,axial sagittal coronal,25.6,2024-03-18 14:30:31
14,20240318_140839_AIPT_MultimodalLung20240318_1_101,6,M10,10_T2_TurboRARE_Axial (E6),T2_TurboRARE,RARE,4379.1,10.0,,8.0,3.0,256x256,40x40,0.15625,0.5,46,axial,420.4,2024-03-18 14:41:02
14,20240318_140839_AIPT_MultimodalLung20240318_1_101,7,M11,11_Localizer (E7),1_Localizer,FLASH,100.0,3.0,,,1.0,256x256,40x40,0.15625,1.0,5 1 1,axial sagittal coronal,25.6,2024-03-18 14:42:54
14,20240318_140839_AIPT_MultimodalLung20240318_1_101,8,M11,11_T2_TurboRARE_Axial (E8),T2_TurboRARE,RARE,4379.1,10.0,,8.0,3.0,256x256,40x40,0.15625,0.5,46,axial,420.4,2024-03-18 14:51:36
14,20240318_140839_AIPT_MultimodalLung20240318_1_101,9,M12,12_Localizer (E9),1_Localizer,FLASH,100.0,3.0,,,1.0,256x256,40x40,0.15625,1.0,5 1 1,axial sagittal coronal,25.6,2024-03-18 14:53:11
14,20240318_140839_AIPT_MultimodalLung20240318_1_101,10,M12,12_T2_TurboRARE_Axial (E10),T2_TurboRARE,RARE,4379.1,10.0,,8.0,3.0,256x256,40x40,0.15625,0.5,46,axial,420.4,2024-03-18 15:01:44
14,20240318_140839_AIPT_MultimodalLung20240318_1_101,11,M14,14_Localizer (E11),1_Localizer,FLASH,100.0,3.0,,,1.0,256x256,40x40,0.15625,1.0,5 1 1,axial sagittal coronal,25.6,2024-03-18 15:03:31
14,20240318_140839_AIPT_MultimodalLung20240318_1_101,12,M14,14_T2_TurboRARE_Axial (E12),T2_TurboRARE,RARE,4379.1,10.0,,8.0,3.0,256x256,40x40,0.15625,0.5,46,axial,420.4,2024-03-18 15:12:35
14,20240318_140839_AIPT_MultimodalLung20240318_1_101,13,M15,15_Localizer (E13),1_Localizer,FLASH,100.0,3.0,,,1.0,256x256,40x40,0.15625,1.0,5 1 1,axial sagittal coronal,25.6,2024-03-18 15:15:01
14,20240318_140839_AIPT_MultimodalLung20240318_1_101,14,M15,15_T2_TurboRARE_Axial (E14),T2_TurboRARE,RARE,4379.1,10.0,,8.0,3.0,256x256,40x40,0.15625,0.5,46,axial,420.4,2024-03-18 15:23:55
14,20240318_140839_AIPT_MultimodalLung20240318_1_101,15,M17,17_Localizer (E15),1_Localizer,FLASH,100.0,3.0,,,1.0,256x256,40x40,0.15625,1.0,5 1 1,axial sagittal coronal,25.6,2024-03-18 15:25:49
14,20240318_140839_AIPT_MultimodalLung20240318_1_101,16,M17,17_T2_TurboRARE_Axial (E16),T2_TurboRARE,RARE,4379.1,10.0,,8.0,3.0,256x256,40x40,0.15625,0.5,46,axial,420.4,2024-03-18 15:34:27
14,20240318_140839_AIPT_MultimodalLung20240318_1_101,17,M18,18_Localizer (E17),1_Localizer,FLASH,100.0,3.0,,,1.0,256x256,40x40,0.15625,1.0,5 1 1,axial sagittal coronal,25.6,2024-03-18 15:46:39
14,20240318_140839_AIPT_MultimodalLung20240318_1_101,18,M18,18_T2_TurboRARE_Axial (E18),T2_TurboRARE,RARE,4379.1,10.0,,8.0,3.0,256x256,40x40,0.15625,0.5,46,axial,420.4,2024-03-18 15:55:09
14,20240318_140839_AIPT_MultimodalLung20240318_1_101,20,M17,17_T1_FLASH_flc_Axial (E20),T1_FLASH_flc,FcFLASH,600.0,3.0666,,,3.0,256x256,40x40,0.15625,0.5,46,axial,460.8,2024-03-18 15:44:48
14,20240318_140839_AIPT_MultimodalLung20240318_1_101,22,M19,19_Localizer (E22),1_Localizer,FLASH,100.0,3.0,,,1.0,256x256,40x40,0.15625,1.0,5 1 1,axial sagittal coronal,25.6,2024-03-18 15:56:58
14,20240318_140839_AIPT_MultimodalLung20240318_1_101,23,M19,19_T2_TurboRARE_Axial (E23),T2_TurboRARE,RARE,4379.1,10.0,,8.0,3.0,256x256,40x40,0.15625,0.5,46,axial,420.4,2024-03-18 16:07:42
14,20240318_140839_AIPT_MultimodalLung20240318_1_101,24,M67,67_Localizer (E24),1_Localizer,FLASH,100.0,3.0,,,1.0,256x256,40x40,0.15625,1.0,5 1 1,axial sagittal coronal,25.6,2024-03-18 16:09:33
14,20240318_140839_AIPT_MultimodalLung20240318_1_101,25,M67,67_T2_TurboRARE_Axial (E25),T2_TurboRARE,RARE,4379.1,10.0,,8.0,3.0,256x256,40x40,0.15625,0.5,46,axial,420.4,2024-03-18 16:19:12
14,20240318_140839_AIPT_MultimodalLung20240318_1_101,26,M68,68_Localizer (E26),1_Localizer,FLASH,100.0,3.0,,,1.0,256x256,40x40,0.15625,1.0,5 1 1,axial sagittal coronal,25.6,2024-03-18 16:20:47
14,20240318_140839_AIPT_MultimodalLung20240318_1_101,27,M68,68_T2_TurboRARE_Axial (E27),T2_TurboRARE,RARE,4379.1,10.0,,8.0,3.0,256x256,40x40,0.15625,0.5,46,axial,420.4,2024-03-18 16:29:07
14,20240318_140839_AIPT_MultimodalLung20240318_1_101,28,M69,69_Localizer (E28),1_Localizer,FLASH,100.0,3.0,,,1.0,256x256,40x40,0.15625,1.0,5 1 1,axial sagittal coronal,25.6,2024-03-18 16:30:53
14,20240318_140839_AIPT_MultimodalLung20240318_1_101,29,M69,69_T2_TurboRARE_Axial (E29),T2_TurboRARE,RARE,4379.1,10.0,,8.0,3.0,256x256,40x40,0.15625,0.5,46,axial,420.4,2024-03-18 16:39:33
