week,folder,sequence,click,acquired,exposure_s,binning,f_number,fov_cm,emission_filter,excitation_filter,ccd_temp_c,system,camera,software,copy_of_week_12,path
6,baseline 01222024,SME20240122152900,SME20240122152900,2024-01-22T15:29:26,60.0,8,1,22.8,Open,Block,-89,IVIS 200 Spectrum,"Andor, iKon",4.7.3.20616 (Jan 23 2019),False,IVIS/baseline 01222024/Living Image files/SME20240122152900/ClickInfo.txt
6,baseline 01222024,SME20240122154353,SME20240122154353,2024-01-22T15:44:17,60.0,8,1,22.8,Open,Block,-89,IVIS 200 Spectrum,"Andor, iKon",4.7.3.20616 (Jan 23 2019),False,IVIS/baseline 01222024/Living Image files/SME20240122154353/ClickInfo.txt
6,baseline 01222024,SME20240122160513,SME20240122160513,2024-01-22T16:05:37,60.0,8,1,22.8,Open,Block,-89,IVIS 200 Spectrum,"Andor, iKon",4.7.3.20616 (Jan 23 2019),False,IVIS/baseline 01222024/Living Image files/SME20240122160513/ClickInfo.txt
7,week7_IVIS,SME20240129161434,SME20240129161434,2024-01-29T16:14:57,60.0,8,1,22.8,Open,Block,-89,IVIS 200 Spectrum,"Andor, iKon",4.7.3.20616 (Jan 23 2019),False,IVIS/week7_IVIS/SME20240129161434/ClickInfo.txt
7,week7_IVIS,SME20240129161804,SME20240129161804,2024-01-29T16:18:28,60.0,8,1,22.8,Open,Block,-89,IVIS 200 Spectrum,"Andor, iKon",4.7.3.20616 (Jan 23 2019),False,IVIS/week7_IVIS/SME20240129161804/ClickInfo.txt
7,week7_IVIS,SME20240129162016_SEQ,SME20240129162016_001,2024-01-29T16:20:41,60.0,8,1,22.8,Open,Block,-89,IVIS 200 Spectrum,"Andor, iKon",4.7.3.20616 (Jan 23 2019),False,IVIS/week7_IVIS/SME20240129162016_SEQ/SME20240129162016_001/ClickInfo.txt
7,week7_IVIS,SME20240129162016_SEQ,SME20240129162016_002,2024-01-29T16:23:24,60.0,8,1,22.8,Open,Block,-89,IVIS 200 Spectrum,"Andor, iKon",4.7.3.20616 (Jan 23 2019),False,IVIS/week7_IVIS/SME20240129162016_SEQ/SME20240129162016_002/ClickInfo.txt
7,week7_IVIS,SME20240129164009_SEQ,SME20240129164009_001,2024-01-29T16:40:32,60.0,8,1,22.8,Open,Block,-89,IVIS 200 Spectrum,"Andor, iKon",4.7.3.20616 (Jan 23 2019),False,IVIS/week7_IVIS/SME20240129164009_SEQ/SME20240129164009_001/ClickInfo.txt
7,week7_IVIS,SME20240129164009_SEQ,SME20240129164009_002,2024-01-29T16:43:22,60.0,8,1,22.8,Open,Block,-89,IVIS 200 Spectrum,"Andor, iKon",4.7.3.20616 (Jan 23 2019),False,IVIS/week7_IVIS/SME20240129164009_SEQ/SME20240129164009_002/ClickInfo.txt
7,week7_IVIS,SME20240129164009_SEQ,SME20240129164009_003,2024-01-29T16:46:45,60.0,8,1,22.8,Open,Block,-89,IVIS 200 Spectrum,"Andor, iKon",4.7.3.20616 (Jan 23 2019),False,IVIS/week7_IVIS/SME20240129164009_SEQ/SME20240129164009_003/ClickInfo.txt
8,week8 IVIS,SME20240205183359_SEQ,SME20240205183359_001,2024-02-05T18:34:26,60.0,8,1,22.8,Open,Block,-89,IVIS 200 Spectrum,"Andor, iKon",4.7.3.20616 (Jan 23 2019),False,IVIS/week8 IVIS/SME20240205183359_SEQ/SME20240205183359_001/ClickInfo.txt
8,week8 IVIS,SME20240205183359_SEQ,SME20240205183359_002,2024-02-05T18:36:07,60.0,8,1,22.8,Open,Block,-89,IVIS 200 Spectrum,"Andor, iKon",4.7.3.20616 (Jan 23 2019),False,IVIS/week8 IVIS/SME20240205183359_SEQ/SME20240205183359_002/ClickInfo.txt
8,week8 IVIS,SME20240205183359_SEQ,SME20240205183359_003,2024-02-05T18:38:07,60.0,8,1,22.8,Open,Block,-89,IVIS 200 Spectrum,"Andor, iKon",4.7.3.20616 (Jan 23 2019),False,IVIS/week8 IVIS/SME20240205183359_SEQ/SME20240205183359_003/ClickInfo.txt
8,week8 IVIS,SME20240205184459_SEQ,SME20240205184459_001,2024-02-05T18:45:23,60.0,8,1,22.8,Open,Block,-89,IVIS 200 Spectrum,"Andor, iKon",4.7.3.20616 (Jan 23 2019),False,IVIS/week8 IVIS/SME20240205184459_SEQ/SME20240205184459_001/ClickInfo.txt
8,week8 IVIS,SME20240205184459_SEQ,SME20240205184459_002,2024-02-05T18:47:12,60.0,8,1,22.8,Open,Block,-89,IVIS 200 Spectrum,"Andor, iKon",4.7.3.20616 (Jan 23 2019),False,IVIS/week8 IVIS/SME20240205184459_SEQ/SME20240205184459_002/ClickInfo.txt
8,week8 IVIS,SME20240205184459_SEQ,SME20240205184459_003,2024-02-05T18:49:12,60.0,8,1,22.8,Open,Block,-89,IVIS 200 Spectrum,"Andor, iKon",4.7.3.20616 (Jan 23 2019),False,IVIS/week8 IVIS/SME20240205184459_SEQ/SME20240205184459_003/ClickInfo.txt
8,week8 IVIS,SME20240205190848_SEQ,SME20240205190848_001,2024-02-05T19:09:12,60.0,8,1,22.8,Open,Block,-89,IVIS 200 Spectrum,"Andor, iKon",4.7.3.20616 (Jan 23 2019),False,IVIS/week8 IVIS/SME20240205190848_SEQ/SME20240205190848_001/ClickInfo.txt
8,week8 IVIS,SME20240205190848_SEQ,SME20240205190848_002,2024-02-05T19:11:01,60.0,8,1,22.8,Open,Block,-89,IVIS 200 Spectrum,"Andor, iKon",4.7.3.20616 (Jan 23 2019),False,IVIS/week8 IVIS/SME20240205190848_SEQ/SME20240205190848_002/ClickInfo.txt
8,week8 IVIS,SME20240205190848_SEQ,SME20240205190848_003,2024-02-05T19:13:01,60.0,8,1,22.8,Open,Block,-89,IVIS 200 Spectrum,"Andor, iKon",4.7.3.20616 (Jan 23 2019),False,IVIS/week8 IVIS/SME20240205190848_SEQ/SME20240205190848_003/ClickInfo.txt
9,week9_IVIS,SME20240213140737,SME20240213140737,2024-02-13T14:08:03,60.0,8,1,22.8,Open,Block,-89,IVIS 200 Spectrum,"Andor, iKon",4.7.3.20616 (Jan 23 2019),False,IVIS/week9_IVIS/SME20240213140737/ClickInfo.txt
9,week9_IVIS,SME20240213141835_SEQ,SME20240213140737A,2024-02-13T14:08:03,60.0,8,1,22.8,Open,Block,-89,IVIS 200 Spectrum,"Andor, iKon",4.7.3.20616 (Jan 23 2019),False,IVIS/week9_IVIS/SME20240213141835_SEQ/SME20240213140737A/ClickInfo.txt
9,week9_IVIS,SME20240213140943,SME20240213140943,2024-02-13T14:10:07,60.0,8,1,22.8,Open,Block,-89,IVIS 200 Spectrum,"Andor, iKon",4.7.3.20616 (Jan 23 2019),False,IVIS/week9_IVIS/SME20240213140943/ClickInfo.txt
9,week9_IVIS,SME20240213141835_SEQ,SME20240213140943A,2024-02-13T14:10:07,60.0,8,1,22.8,Open,Block,-89,IVIS 200 Spectrum,"Andor, iKon",4.7.3.20616 (Jan 23 2019),False,IVIS/week9_IVIS/SME20240213141835_SEQ/SME20240213140943A/ClickInfo.txt
9,week9_IVIS,SME20240213141152,SME20240213141152,2024-02-13T14:12:15,60.0,8,1,22.8,Open,Block,-89,IVIS 200 Spectrum,"Andor, iKon",4.7.3.20616 (Jan 23 2019),False,IVIS/week9_IVIS/SME20240213141152/ClickInfo.txt
9,week9_IVIS,SME20240213141835_SEQ,SME20240213141152A,2024-02-13T14:12:15,60.0,8,1,22.8,Open,Block,-89,IVIS 200 Spectrum,"Andor, iKon",4.7.3.20616 (Jan 23 2019),False,IVIS/week9_IVIS/SME20240213141835_SEQ/SME20240213141152A/ClickInfo.txt
9,week9_IVIS,SME20240213141800,SME20240213141800,2024-02-13T14:18:19,60.0,8,1,22.8,Open,Block,-89,IVIS 200 Spectrum,"Andor, iKon",4.7.3.20616 (Jan 23 2019),False,IVIS/week9_IVIS/SME20240213141800/ClickInfo.txt
9,week9_IVIS,SME20240213142643_SEQ,SME20240213141800A,2024-02-13T14:18:19,60.0,8,1,22.8,Open,Block,-89,IVIS 200 Spectrum,"Andor, iKon",4.7.3.20616 (Jan 23 2019),False,IVIS/week9_IVIS/SME20240213142643_SEQ/SME20240213141800A/ClickInfo.txt
9,week9_IVIS,SME20240213142014,SME20240213142014,2024-02-13T14:20:38,60.0,8,1,22.8,Open,Block,-89,IVIS 200 Spectrum,"Andor, iKon",4.7.3.20616 (Jan 23 2019),False,IVIS/week9_IVIS/SME20240213142014/ClickInfo.txt
9,week9_IVIS,SME20240213142643_SEQ,SME20240213142014A,2024-02-13T14:20:38,60.0,8,1,22.8,Open,Block,-89,IVIS 200 Spectrum,"Andor, iKon",4.7.3.20616 (Jan 23 2019),False,IVIS/week9_IVIS/SME20240213142643_SEQ/SME20240213142014A/ClickInfo.txt
9,week9_IVIS,SME20240213142223,SME20240213142223,2024-02-13T14:22:47,60.0,8,1,22.8,Open,Block,-89,IVIS 200 Spectrum,"Andor, iKon",4.7.3.20616 (Jan 23 2019),False,IVIS/week9_IVIS/SME20240213142223/ClickInfo.txt
9,week9_IVIS,SME20240213142643_SEQ,SME20240213142223A,2024-02-13T14:22:47,60.0,8,1,22.8,Open,Block,-89,IVIS 200 Spectrum,"Andor, iKon",4.7.3.20616 (Jan 23 2019),False,IVIS/week9_IVIS/SME20240213142643_SEQ/SME20240213142223A/ClickInfo.txt
9,week9_IVIS,SME20240213143938,SME20240213143938,2024-02-13T14:40:02,60.0,8,1,22.8,Open,Block,-89,IVIS 200 Spectrum,"Andor, iKon",4.7.3.20616 (Jan 23 2019),False,IVIS/week9_IVIS/SME20240213143938/ClickInfo.txt
9,week9_IVIS,SME20240213144653_SEQ,SME20240213143938A,2024-02-13T14:40:02,60.0,8,1,22.8,Open,Block,-89,IVIS 200 Spectrum,"Andor, iKon",4.7.3.20616 (Jan 23 2019),False,IVIS/week9_IVIS/SME20240213144653_SEQ/SME20240213143938A/ClickInfo.txt
9,week9_IVIS,SME20240213144148,SME20240213144148,2024-02-13T14:42:12,60.0,8,1,22.8,Open,Block,-89,IVIS 200 Spectrum,"Andor, iKon",4.7.3.20616 (Jan 23 2019),False,IVIS/week9_IVIS/SME20240213144148/ClickInfo.txt
9,week9_IVIS,SME20240213144653_SEQ,SME20240213144148A,2024-02-13T14:42:12,60.0,8,1,22.8,Open,Block,-89,IVIS 200 Spectrum,"Andor, iKon",4.7.3.20616 (Jan 23 2019),False,IVIS/week9_IVIS/SME20240213144653_SEQ/SME20240213144148A/ClickInfo.txt
9,week9_IVIS,SME20240213144403,SME20240213144403,2024-02-13T14:44:22,60.0,8,1,22.8,Open,Block,-89,IVIS 200 Spectrum,"Andor, iKon",4.7.3.20616 (Jan 23 2019),False,IVIS/week9_IVIS/SME20240213144403/ClickInfo.txt
9,week9_IVIS,SME20240213144653_SEQ,SME20240213144403A,2024-02-13T14:44:22,60.0,8,1,22.8,Open,Block,-89,IVIS 200 Spectrum,"Andor, iKon",4.7.3.20616 (Jan 23 2019),False,IVIS/week9_IVIS/SME20240213144653_SEQ/SME20240213144403A/ClickInfo.txt
10,week10_IVIS,SME20240220182846,SME20240220182846,2024-02-20T18:29:12,60.0,8,1,22.8,Open,Block,-89,IVIS 200 Spectrum,"Andor, iKon",4.7.3.20616 (Jan 23 2019),False,IVIS/week10_IVIS/SME20240220182846/ClickInfo.txt
10,week10_IVIS,SME20240220190630_SEQ,SME20240220182846A,2024-02-20T18:29:12,60.0,8,1,22.8,Open,Block,-89,IVIS 200 Spectrum,"Andor, iKon",4.7.3.20616 (Jan 23 2019),False,IVIS/week10_IVIS/SME20240220190630_SEQ/SME20240220182846A/ClickInfo.txt
10,week10_IVIS,SME20240220183104,SME20240220183104,2024-02-20T18:31:28,60.0,8,1,22.8,Open,Block,-89,IVIS 200 Spectrum,"Andor, iKon",4.7.3.20616 (Jan 23 2019),False,IVIS/week10_IVIS/SME20240220183104/ClickInfo.txt
10,week10_IVIS,SME20240220190630_SEQ,SME20240220183104A,2024-02-20T18:31:28,60.0,8,1,22.8,Open,Block,-89,IVIS 200 Spectrum,"Andor, iKon",4.7.3.20616 (Jan 23 2019),False,IVIS/week10_IVIS/SME20240220190630_SEQ/SME20240220183104A/ClickInfo.txt
10,week10_IVIS,SME20240220183316,SME20240220183316,2024-02-20T18:33:40,60.0,8,1,22.8,Open,Block,-89,IVIS 200 Spectrum,"Andor, iKon",4.7.3.20616 (Jan 23 2019),False,IVIS/week10_IVIS/SME20240220183316/ClickInfo.txt
10,week10_IVIS,SME20240220183623,SME20240220183623,2024-02-20T18:36:46,60.0,8,1,22.8,Open,Block,-89,IVIS 200 Spectrum,"Andor, iKon",4.7.3.20616 (Jan 23 2019),False,IVIS/week10_IVIS/SME20240220183623/ClickInfo.txt
10,week10_IVIS,SME20240220190630_SEQ,SME20240220183623A,2024-02-20T18:36:46,60.0,8,1,22.8,Open,Block,-89,IVIS 200 Spectrum,"Andor, iKon",4.7.3.20616 (Jan 23 2019),False,IVIS/week10_IVIS/SME20240220190630_SEQ/SME20240220183623A/ClickInfo.txt
10,week10_IVIS,SME20240220183836,SME20240220183836,2024-02-20T18:38:59,60.0,8,1,22.8,Open,Block,-89,IVIS 200 Spectrum,"Andor, iKon",4.7.3.20616 (Jan 23 2019),False,IVIS/week10_IVIS/SME20240220183836/ClickInfo.txt
10,week10_IVIS,SME20240220190630_SEQ,SME20240220183836A,2024-02-20T18:38:59,60.0,8,1,22.8,Open,Block,-89,IVIS 200 Spectrum,"Andor, iKon",4.7.3.20616 (Jan 23 2019),False,IVIS/week10_IVIS/SME20240220190630_SEQ/SME20240220183836A/ClickInfo.txt
10,week10_IVIS,SME20240220184044,SME20240220184044,2024-02-20T18:41:08,60.0,8,1,22.8,Open,Block,-89,IVIS 200 Spectrum,"Andor, iKon",4.7.3.20616 (Jan 23 2019),False,IVIS/week10_IVIS/SME20240220184044/ClickInfo.txt
10,week10_IVIS,SME20240220185148,SME20240220185148,2024-02-20T18:52:11,60.0,8,1,22.8,Open,Block,-89,IVIS 200 Spectrum,"Andor, iKon",4.7.3.20616 (Jan 23 2019),False,IVIS/week10_IVIS/SME20240220185148/ClickInfo.txt
10,week10_IVIS,SME20240220190630_SEQ,SME20240220185148A,2024-02-20T18:52:11,60.0,8,1,22.8,Open,Block,-89,IVIS 200 Spectrum,"Andor, iKon",4.7.3.20616 (Jan 23 2019),False,IVIS/week10_IVIS/SME20240220190630_SEQ/SME20240220185148A/ClickInfo.txt
10,week10_IVIS,SME20240220185355,SME20240220185355,2024-02-20T18:54:19,60.0,8,1,22.8,Open,Block,-89,IVIS 200 Spectrum,"Andor, iKon",4.7.3.20616 (Jan 23 2019),False,IVIS/week10_IVIS/SME20240220185355/ClickInfo.txt
10,week10_IVIS,SME20240220190630_SEQ,SME20240220185355A,2024-02-20T18:54:19,60.0,8,1,22.8,Open,Block,-89,IVIS 200 Spectrum,"Andor, iKon",4.7.3.20616 (Jan 23 2019),False,IVIS/week10_IVIS/SME20240220190630_SEQ/SME20240220185355A/ClickInfo.txt
10,week10_IVIS,SME20240220185618,SME20240220185618,2024-02-20T18:56:42,60.0,8,1,22.8,Open,Block,-89,IVIS 200 Spectrum,"Andor, iKon",4.7.3.20616 (Jan 23 2019),False,IVIS/week10_IVIS/SME20240220185618/ClickInfo.txt
11,week11_IVIS,SME20240229110412_SEQ,SME20240229110412_001,2024-02-29T11:04:38,60.0,8,1,22.8,Open,Block,-89,IVIS 200 Spectrum,"Andor, iKon",4.7.3.20616 (Jan 23 2019),False,IVIS/week11_IVIS/SME20240229110412_SEQ/SME20240229110412_001/ClickInfo.txt
11,week11_IVIS,SME20240229110412_SEQ,SME20240229110412_002,2024-02-29T11:07:19,60.0,8,1,22.8,Open,Block,-89,IVIS 200 Spectrum,"Andor, iKon",4.7.3.20616 (Jan 23 2019),False,IVIS/week11_IVIS/SME20240229110412_SEQ/SME20240229110412_002/ClickInfo.txt
11,week11_IVIS,SME20240229110954_SEQ,SME20240229110954_001,2024-02-29T11:10:16,60.0,8,1,22.8,Open,Block,-89,IVIS 200 Spectrum,"Andor, iKon",4.7.3.20616 (Jan 23 2019),False,IVIS/week11_IVIS/SME20240229110954_SEQ/SME20240229110954_001/ClickInfo.txt
11,week11_IVIS,SME20240229111259,SME20240229111259,2024-02-29T11:13:20,60.0,8,1,22.8,Open,Block,-89,IVIS 200 Spectrum,"Andor, iKon",4.7.3.20616 (Jan 23 2019),False,IVIS/week11_IVIS/SME20240229111259/ClickInfo.txt
11,week11_IVIS,SME20240229111517,SME20240229111517,2024-02-29T11:15:41,60.0,8,1,22.8,Open,Block,-89,IVIS 200 Spectrum,"Andor, iKon",4.7.3.20616 (Jan 23 2019),False,IVIS/week11_IVIS/SME20240229111517/ClickInfo.txt
11,week11_IVIS,SME20240229111747,SME20240229111747A,2024-02-29T11:18:10,60.0,8,1,22.8,Open,Block,-89,IVIS 200 Spectrum,"Andor, iKon",4.7.3.20616 (Jan 23 2019),False,IVIS/week11_IVIS/SME20240229111747/ClickInfo.txt
11,week11_IVIS,SME20240229112108,SME20240229112108,2024-02-29T11:21:31,60.0,8,1,22.8,Open,Block,-89,IVIS 200 Spectrum,"Andor, iKon",4.7.3.20616 (Jan 23 2019),False,IVIS/week11_IVIS/SME20240229112108/ClickInfo.txt
11,week11_IVIS,SME20240229112326,SME20240229112326,2024-02-29T11:23:50,60.0,8,1,22.8,Open,Block,-89,IVIS 200 Spectrum,"Andor, iKon",4.7.3.20616 (Jan 23 2019),False,IVIS/week11_IVIS/SME20240229112326/ClickInfo.txt
11,week11_IVIS,SME20240229112708,SME20240229112708,2024-02-29T11:27:31,60.0,8,1,22.8,Open,Block,-89,IVIS 200 Spectrum,"Andor, iKon",4.7.3.20616 (Jan 23 2019),False,IVIS/week11_IVIS/SME20240229112708/ClickInfo.txt
11,week11_IVIS,SME20240229121754,SME20240229121754,2024-02-29T12:18:19,60.0,8,1,22.8,520,Block,-89,IVIS 200 Spectrum,"Andor, iKon",4.7.3.20616 (Jan 23 2019),False,IVIS/week11_IVIS/SME20240229121754/ClickInfo.txt
11,week11_IVIS,SME20240229122344,SME20240229122344,2024-02-29T12:24:09,60.0,8,1,22.8,520,Block,-89,IVIS 200 Spectrum,"Andor, iKon",4.7.3.20616 (Jan 23 2019),False,IVIS/week11_IVIS/SME20240229122344/ClickInfo.txt
11,week11_IVIS,SME20240229122553,SME20240229122553,2024-02-29T12:26:19,60.0,8,1,22.8,520,Block,-89,IVIS 200 Spectrum,"Andor, iKon",4.7.3.20616 (Jan 23 2019),False,IVIS/week11_IVIS/SME20240229122553/ClickInfo.txt
11,week11_IVIS,SME20240229122808,SME20240229122808,2024-02-29T12:28:34,60.0,8,1,22.8,520,Block,-89,IVIS 200 Spectrum,"Andor, iKon",4.7.3.20616 (Jan 23 2019),False,IVIS/week11_IVIS/SME20240229122808/ClickInfo.txt
11,week11_IVIS,SME20240301102731,SME20240301102731,2024-03-01T10:27:53,60.0,8,1,22.8,Open,Block,-89,IVIS 200 Spectrum,"Andor, iKon",4.7.3.20616 (Jan 23 2019),False,IVIS/week11_IVIS/SME20240301102731/ClickInfo.txt
11,week11_IVIS,SME20240301102930,SME20240301102930,2024-03-01T10:29:48,60.0,8,1,22.8,Open,Block,-89,IVIS 200 Spectrum,"Andor, iKon",4.7.3.20616 (Jan 23 2019),False,IVIS/week11_IVIS/SME20240301102930/ClickInfo.txt
11,week11_IVIS,SME20240301103118,SME20240301103118,2024-03-01T10:31:42,60.0,8,1,22.8,Open,Block,-89,IVIS 200 Spectrum,"Andor, iKon",4.7.3.20616 (Jan 23 2019),False,IVIS/week11_IVIS/SME20240301103118/ClickInfo.txt
11,week11_IVIS,SME20240301103316,SME20240301103316,2024-03-01T10:33:43,60.0,8,1,22.8,Open,Block,-89,IVIS 200 Spectrum,"Andor, iKon",4.7.3.20616 (Jan 23 2019),False,IVIS/week11_IVIS/SME20240301103316/ClickInfo.txt
11,week11_IVIS,SME20240301103517,SME20240301103517,2024-03-01T10:35:41,60.0,8,1,22.8,Open,Block,-89,IVIS 200 Spectrum,"Andor, iKon",4.7.3.20616 (Jan 23 2019),False,IVIS/week11_IVIS/SME20240301103517/ClickInfo.txt
12,week 12_IVIS,SME20240305145610,SME20240305145610,2024-03-05T14:56:28,20.0,8,1,22.8,Open,Block,-89,IVIS 200 Spectrum,"Andor, iKon",4.7.3.20616 (Jan 23 2019),False,IVIS/week 12_IVIS/SME20240305145610/ClickInfo.txt
13,week 13_IVIS,SME20240305145610,SME20240305145610,2024-03-05T14:56:28,20.0,8,1,22.8,Open,Block,-89,IVIS 200 Spectrum,"Andor, iKon",4.7.3.20616 (Jan 23 2019),True,IVIS/week 13_IVIS/SME20240305145610/ClickInfo.txt
12,week 12_IVIS,SME20240305145759,SME20240305145759,2024-03-05T14:58:18,60.0,8,1,22.8,Open,Block,-89,IVIS 200 Spectrum,"Andor, iKon",4.7.3.20616 (Jan 23 2019),False,IVIS/week 12_IVIS/SME20240305145759/ClickInfo.txt
13,week 13_IVIS,SME20240305145759,SME20240305145759,2024-03-05T14:58:18,60.0,8,1,22.8,Open,Block,-89,IVIS 200 Spectrum,"Andor, iKon",4.7.3.20616 (Jan 23 2019),True,IVIS/week 13_IVIS/SME20240305145759/ClickInfo.txt
12,week 12_IVIS,SME20240305150013,SME20240305150013,2024-03-05T15:00:31,25.0,8,1,22.8,Open,Block,-89,IVIS 200 Spectrum,"Andor, iKon",4.7.3.20616 (Jan 23 2019),False,IVIS/week 12_IVIS/SME20240305150013/ClickInfo.txt
13,week 13_IVIS,SME20240305150013,SME20240305150013,2024-03-05T15:00:31,25.0,8,1,22.8,Open,Block,-89,IVIS 200 Spectrum,"Andor, iKon",4.7.3.20616 (Jan 23 2019),True,IVIS/week 13_IVIS/SME20240305150013/ClickInfo.txt
12,week 12_IVIS,SME20240305150744,SME20240305150744,2024-03-05T15:08:08,60.0,8,1,22.8,Open,Block,-89,IVIS 200 Spectrum,"Andor, iKon",4.7.3.20616 (Jan 23 2019),False,IVIS/week 12_IVIS/SME20240305150744/ClickInfo.txt
13,week 13_IVIS,SME20240305150744,SME20240305150744,2024-03-05T15:08:08,60.0,8,1,22.8,Open,Block,-89,IVIS 200 Spectrum,"Andor, iKon",4.7.3.20616 (Jan 23 2019),True,IVIS/week 13_IVIS/SME20240305150744/ClickInfo.txt
12,week 12_IVIS,SME20240305151020,SME20240305151020,2024-03-05T15:10:44,60.0,8,1,22.8,Open,Block,-89,IVIS 200 Spectrum,"Andor, iKon",4.7.3.20616 (Jan 23 2019),False,IVIS/week 12_IVIS/SME20240305151020/ClickInfo.txt
13,week 13_IVIS,SME20240305151020,SME20240305151020,2024-03-05T15:10:44,60.0,8,1,22.8,Open,Block,-89,IVIS 200 Spectrum,"Andor, iKon",4.7.3.20616 (Jan 23 2019),True,IVIS/week 13_IVIS/SME20240305151020/ClickInfo.txt
12,week 12_IVIS,SME20240305151345,SME20240305151345,2024-03-05T15:14:03,60.0,8,1,22.8,Open,Block,-89,IVIS 200 Spectrum,"Andor, iKon",4.7.3.20616 (Jan 23 2019),False,IVIS/week 12_IVIS/SME20240305151345/ClickInfo.txt
13,week 13_IVIS,SME20240305151345,SME20240305151345,2024-03-05T15:14:03,60.0,8,1,22.8,Open,Block,-89,IVIS 200 Spectrum,"Andor, iKon",4.7.3.20616 (Jan 23 2019),True,IVIS/week 13_IVIS/SME20240305151345/ClickInfo.txt
12,week 12_IVIS,SME20240305151814,SME20240305151814,2024-03-05T15:18:37,60.0,8,1,22.8,Open,Block,-89,IVIS 200 Spectrum,"Andor, iKon",4.7.3.20616 (Jan 23 2019),False,IVIS/week 12_IVIS/SME20240305151814/ClickInfo.txt
13,week 13_IVIS,SME20240305151814,SME20240305151814,2024-03-05T15:18:37,60.0,8,1,22.8,Open,Block,-89,IVIS 200 Spectrum,"Andor, iKon",4.7.3.20616 (Jan 23 2019),True,IVIS/week 13_IVIS/SME20240305151814/ClickInfo.txt
12,week 12_IVIS,SME20240305153142,SME20240305153142,2024-03-05T15:32:06,60.0,8,1,22.8,Open,Block,-89,IVIS 200 Spectrum,"Andor, iKon",4.7.3.20616 (Jan 23 2019),False,IVIS/week 12_IVIS/SME20240305153142/ClickInfo.txt
13,week 13_IVIS,SME20240305153142,SME20240305153142,2024-03-05T15:32:06,60.0,8,1,22.8,Open,Block,-89,IVIS 200 Spectrum,"Andor, iKon",4.7.3.20616 (Jan 23 2019),True,IVIS/week 13_IVIS/SME20240305153142/ClickInfo.txt
12,week 12_IVIS,SME20240305153421,SME20240305153421,2024-03-05T15:34:39,60.0,8,1,22.8,Open,Block,-89,IVIS 200 Spectrum,"Andor, iKon",4.7.3.20616 (Jan 23 2019),False,IVIS/week 12_IVIS/SME20240305153421/ClickInfo.txt
13,week 13_IVIS,SME20240305153421,SME20240305153421,2024-03-05T15:34:39,60.0,8,1,22.8,Open,Block,-89,IVIS 200 Spectrum,"Andor, iKon",4.7.3.20616 (Jan 23 2019),True,IVIS/week 13_IVIS/SME20240305153421/ClickInfo.txt
12,week 12_IVIS,SME20240305153652,SME20240305153652,2024-03-05T15:37:15,60.0,8,1,22.8,Open,Block,-89,IVIS 200 Spectrum,"Andor, iKon",4.7.3.20616 (Jan 23 2019),False,IVIS/week 12_IVIS/SME20240305153652/ClickInfo.txt
13,week 13_IVIS,SME20240305153652,SME20240305153652,2024-03-05T15:37:15,60.0,8,1,22.8,Open,Block,-89,IVIS 200 Spectrum,"Andor, iKon",4.7.3.20616 (Jan 23 2019),True,IVIS/week 13_IVIS/SME20240305153652/ClickInfo.txt
14,week14_IVIS,SME20240319141706,SME20240319141706,2024-03-19T14:17:24,0.75,8,1,22.8,Open,Block,-89,IVIS 200 Spectrum,"Andor, iKon",4.7.3.20616 (Jan 23 2019),False,IVIS/week14_IVIS/SME20240319141706/ClickInfo.txt
14,week14_IVIS,SME20240319141829,SME20240319141829,2024-03-19T14:18:47,3.0,8,1,22.8,Open,Block,-89,IVIS 200 Spectrum,"Andor, iKon",4.7.3.20616 (Jan 23 2019),False,IVIS/week14_IVIS/SME20240319141829/ClickInfo.txt
14,week14_IVIS,SME20240319142653,SME20240319142653,2024-03-19T14:27:08,1.0,8,1,22.8,Open,Block,-89,IVIS 200 Spectrum,"Andor, iKon",4.7.3.20616 (Jan 23 2019),False,IVIS/week14_IVIS/SME20240319142653/ClickInfo.txt
14,week14_IVIS,SME20240319142734,SME20240319142734,2024-03-19T14:27:52,30.0,8,1,22.8,Open,Block,-89,IVIS 200 Spectrum,"Andor, iKon",4.7.3.20616 (Jan 23 2019),False,IVIS/week14_IVIS/SME20240319142734/ClickInfo.txt
14,week14_IVIS,SME20240319145246,SME20240319145246,2024-03-19T14:53:07,0.75,8,1,22.8,Open,Block,-89,IVIS 200 Spectrum,"Andor, iKon",4.7.3.20616 (Jan 23 2019),False,IVIS/week14_IVIS/SME20240319145246/ClickInfo.txt
14,week14_IVIS,SME20240319145403,SME20240319145403,2024-03-19T14:54:21,50.0,8,1,22.8,Open,Block,-89,IVIS 200 Spectrum,"Andor, iKon",4.7.3.20616 (Jan 23 2019),False,IVIS/week14_IVIS/SME20240319145403/ClickInfo.txt
14,week14_IVIS,SME20240319145831,SME20240319145831,2024-03-19T14:58:55,60.0,8,1,22.8,Open,Block,-89,IVIS 200 Spectrum,"Andor, iKon",4.7.3.20616 (Jan 23 2019),False,IVIS/week14_IVIS/SME20240319145831/ClickInfo.txt
14,week14_IVIS,SME20240319150046,SME20240319150046,2024-03-19T15:01:10,60.0,8,1,22.8,Open,Block,-89,IVIS 200 Spectrum,"Andor, iKon",4.7.3.20616 (Jan 23 2019),False,IVIS/week14_IVIS/SME20240319150046/ClickInfo.txt
14,week14_IVIS,SME20240319150545,SME20240319150545,2024-03-19T15:06:09,60.0,8,1,22.8,Open,Block,-89,IVIS 200 Spectrum,"Andor, iKon",4.7.3.20616 (Jan 23 2019),False,IVIS/week14_IVIS/SME20240319150545/ClickInfo.txt
