Mouse,wk6,wk7,wk8,wk9,wk10,wk11,wk12,wk13,wk14
Mouse 14,79.09,77.92,77.23,78.41,82.26,71.00,,75.71,57.53
Mouse 10,72.33,79.94,85.10,76.59,74.76,69.57,,44.66,28.28
Mouse 11,78.73,80.72,78.28,79.16,78.19,72.13,,73.29,66.00
Mouse 15,77.26,84.75,80.87,79.49,84.06,72.72,,74.57,77.87
Mouse 17,80.09,80.98,82.48,81.55,80.46,72.99,,64.59,13.87
Mouse 19,82.92,85.99,85.94,81.38,80.33,69.59,,56.92,55.66
Mouse 69,82.01,80.71,82.78,83.41,86.57,78.69,,80.24,80.76
Mouse 13,77.55,81.01,82.35,80.78,73.30,54.01,,21.94,10.78
Mouse 75,82.41,84.20,85.53,85.04,84.66,80.32,,,
Mouse 68,83.70,79.86,80.77,82.27,82.00,81.84,,80.54,82.44
Mouse 67,78.06,75.63,85.68,84.60,85.15,78.01,,83.53,84.57
Mouse 12,76.24,81.97,80.54,84.83,81.56,62.02,,52.81,39.99
Mouse 18,82.23,84.02,89.59,83.73,82.26,78.90,,83.65,84.37
