supine,,,,,,,,,,,,,,,,,,,,
,6,7,8,9,10,11,12,13,14,,mouse 10,,,,,,,,,
10,5.72E+05,5.87E+05,1.54E+06,1.46E+07,2.61E+07,1.90E+07,1.84E+08,2.45E+09,1.61E+10,,,8,9,10,11,12,13,14,,
13,5.10E+05,3.11E+05,6.50E+05,3.74E+06,3.88E+06,3.38E+07,5.56E+07,3.06E+08,,,supine,1.54E+06,1.46E+07,2.61E+07,1.90E+07,1.84E+08,2.45E+09,1.61E+10,,
14,2.89E+05,2.33E+05,3.53E+05,1.46E+06,1.63E+06,3.24E+06,6.76E+06,3.63E+07,6.10E+07,,prone,,,,4.84E+06,3.70E+07,1.42E+08,3.03E+09,,
15,9.62E+04,7.07E+04,1.08E+05,1.76E+05,2.41E+05,1.92E+05,3.50E+05,1.45E+06,6.93E+06,,left,,1.07E+07,2.22E+07,2.76E+07,2.28E+08,1.54E+09,,,
,,,,,,,,,,,right,,1.87E+06,2.81E+06,3.64E+06,,4.70E+08,,,
left,,,,,,,,,,,,,,,,,,,,
,,,,9,10,11,12,13,14,,,,,,,,,,,
10,,,,1.07E+07,2.22E+07,2.76E+07,2.28E+08,1.54E+09,NA,,mouse 13,,,,,,,,,
13,,,,4.69E+06,6.21E+06,2.95E+07,8.81E+07,3.34E+08,NA,,,8,9,10,11,12,13,,,
14,,,,1.58E+06,3.27E+06,1.05E+07,1.34E+07,3.63E+07,NA,,supine,6.50E+05,3.74E+06,3.88E+06,3.38E+07,5.56E+07,3.06E+08,,,
15,,,,1.35E+05,1.43E+05,1.70E+05,NA,NA,NA,,prone,,,,3.19E+06,3.79E+07,1.09E+08,,,
,,,,,,,,,,,left,,,,2.95E+07,8.81E+07,3.34E+08,,,
,,,,,,,,,,,right,,,,5.36E+06,4.28E+07,1.09E+08,,,
right,,,,,,,,,,,,,,,,,,,,
,,,,9,10,11,12,13,14,,,,,,,,,,,
10,,,,1.87E+06,2.81E+06,3.64E+06,NA,4.70E+08,NA,,mouse 14,,,,,,,,,
13,,,,7.65E+05,6.50E+05,5.36E+06,4.28E+07,1.09E+08,NA,,,8,9,10,11,12,13,14,,
14,,,,1.61E+05,1.67E+05,2.92E+06,NA,9.49E+06,NA,,supine,3.53E+05,1.46E+06,1.63E+06,3.24E+06,6.76E+06,3.63E+07,6.10E+07,,
15,,,,9.49E+04,9.44E+04,8.11E+04,NA,NA,NA,,prone,,,,4.32E+06,1.25E+07,1.18E+07,3.82E+07,,
,,,,,,,,,,,left,,1.58E+06,3.27E+06,1.05E+07,1.34E+07,3.63E+07,,,
prone,,,,,,,,,,,right,,1.61E+05,1.67E+05,2.92E+06,,9.49E+06,,,
,11,12,13,14,,,,,,,,,,,,,,,,
10,4.84E+06,3.70E+07,1.42E+08,3.03E+09,,,,,,,,,,,,,,,,
13,3.19E+06,3.79E+07,1.09E+08,NA,,,,,,,mouse 15,,,,,,,,,
14,4.32E+06,1.25E+07,1.18E+07,3.82E+07,,,,,,,,8,9,10,11,12,13,14,,
15,,4.22E+05,6.15E+05,1.30E+06,,,,,,,supine,1.08E+05,1.76E+05,2.41E+05,1.92E+05,3.50E+05,1.45E+06,6.93E+06,,
,,,,,,,,,,,prone,,,,,4.22E+05,6.15E+05,1.30E+06,,
,,,,,,,,,,,left,,1.35E+05,1.43E+05,1.70E+05,,,,,
,,,,,,,,,,,right,,9.49E+04,9.44E+04,8.11E+04,,,,,
supine,,,,,,,,,,,,,,,,,,,,
,8,9,10,11,12,13,14,,,,,,,,,,,,,
10,1.54E+06,1.46E+07,2.61E+07,1.90E+07,1.84E+08,2.45E+09,1.61E+10,,,,,,,,,,,,,
13,6.50E+05,3.74E+06,3.88E+06,3.38E+07,5.56E+07,3.06E+08,,,,,,,,,,,,,,
14,3.53E+05,1.46E+06,1.63E+06,3.24E+06,6.76E+06,3.63E+07,6.10E+07,,,,,,,,,,,,,
15,1.08E+05,1.76E+05,2.41E+05,1.92E+05,3.50E+05,1.45E+06,6.93E+06,,,,,,,,,,,,,
,,,,,,,,,,,,,,,,,,,,
,,,,,,,,,,,,,,,,,,,,
,,,,,,,,,,,,,,,,,,,,
,,,,,,,,,,,,,,,,,,,,
% change,,,,,,,,,,,,,,,,,,,,
,8,9,10,11,12,13,14,,,,,,,,,,,,,
10,1,9.4426442,16.91510045,12.29423202,118.9241737,1585.871679,10414.77641,,,,,,,,,,,,,
13,1,5.757389163,5.969827586,52.00123153,85.591133,470.5972906,,,,,,,,,,,,,,
14,1,4.121143504,4.605151429,9.1565242,19.12255873,102.8304557,172.6577979,,,,,,,,,,,,,
15,1,1.634508349,2.237476809,1.782931354,3.247680891,13.41372913,64.30426716,,,,,,,,,,,,,
