{
  "version": "1.0",
  "backup_id": "85217c23-52c8-476a-b7d5-308f9f2c9c0e",
  "timestamp": "2026-02-10T03:18:53.691140+00:00",
  "reason": "manual_export",
  "created_by": "system",
  "notes": "Manual export via UI",
  "include_data": false,
  "files": [
    {
      "path": "scidk_settings.db",
      "description": "Settings database",
      "size": 1314816
    },
    {
      "path": "scidk_path_index.db",
      "description": "Path index database",
      "size": 4096
    },
    {
      "path": ".env",
      "description": "Environment configuration (optional)",
      "size": 354
    }
  ]
}